batch_pred,batch_y
10.084705,9.9804945
10.079092,10.768506
8.8126545,11.002116
10.522178,9.975855
10.549229,10.308986
9.890512,10.175459
10.181931,10.308986
10.508967,10.819798
10.181931,10.308986
10.264268,10.859018
10.344458,10.532123
10.241562,10.532123
10.323949,10.463132
10.153927,10.021315
9.957969,10.126671
9.93925,9.903538
10.203669,10.221977
9.993634,10.59666
10.411255,10.021315
10.259677,10.915107
9.876631,10.532123
10.536108,10.657283
10.095839,10.621157
10.459757,10.8685875
10.217072,10.818197
9.90172,10.043293
10.159168,10.275085
10.037574,10.068663
10.262896,9.811427
10.026573,10.59666
9.9376335,10.325515
9.8940115,11.225244
10.354833,10.463103
10.326897,10.463103
10.4438,11.082143
9.702321,11.225244
10.080879,10.714417
10.119738,10.463103
10.300593,10.463103
10.46282,10.463103
9.979094,10.463103
10.462473,10.463103
10.636593,10.463103
10.004644,11.082143
10.34176,11.082143
10.082817,10.463103
10.112213,9.999752
9.936522,10.341775
9.993736,11.279744
9.9431305,10.221977
10.139311,9.952325
9.854551,9.923339
10.178212,10.71444
9.784203,9.711176
10.047174,11.359786
10.228521,10.220376
10.009858,10.477316
10.087494,9.975855
10.022024,9.975855
9.884549,9.680407
10.041058,10.491302
9.885317,10.043293
9.873827,10.221977
10.212761,11.112463
10.045195,9.680407
10.160816,10.041117
10.038021,9.975855
10.39153,10.532123
10.3587885,10.59666
9.799137,9.711176
10.209591,10.463132
10.105698,9.852247
10.203644,10.097779
10.042658,10.280999
9.950113,10.357775
9.894264,9.7981825
10.151354,10.280999
10.083677,9.852247
9.992508,11.279744
9.65331,10.021315
10.182144,10.308986
9.949154,9.555701
9.996043,9.82558
10.023981,9.680407
10.422648,10.505095
9.798307,9.952325
10.070837,10.915107
10.144669,10.1849375
9.638968,10.819798
10.358423,10.609082
9.752527,9.998843
10.075873,10.077483
10.214287,10.165891
10.275766,10.021315
10.308678,10.913506
9.465666,9.765661
9.812457,9.64866
9.9836,9.528867
10.1606455,10.5764065
10.036114,8.922392
9.833508,10.491302
10.150291,10.511921
9.98744,10.292179
9.849501,9.615872
10.1644335,9.975855
10.238964,10.71444
10.242708,10.257694
10.280762,11.462064
10.187786,10.021315
10.519006,10.434145
10.159578,9.998843
10.034196,10.341775
10.034032,10.573187
9.872983,9.7981825
9.812646,10.434145
9.875212,10.242848
9.957662,9.82558
10.086022,10.126671
9.724009,10.0533285
9.079415,10.126671
10.194643,11.238923
9.892952,10.308986
9.654078,10.363472
10.232401,10.257694
9.996235,10.043293
9.708315,9.711176
10.223684,9.7981825
10.271889,9.510519
9.902975,9.711176
10.170706,10.140337
10.170252,10.420166
10.247847,9.952325
10.193137,10.389026
10.264342,10.59666
10.156336,10.532123
9.860906,9.741028
9.996918,9.770013
10.169519,10.747229
10.384938,10.71444
10.1515665,9.82558
10.411844,10.71444
8.5492,10.064798
10.259726,10.165891
10.136263,10.71444
10.136263,10.71444
10.182449,10.532123
10.217184,9.852668
9.928047,9.7981825
10.105013,10.021315
9.694257,10.163965
9.706488,10.0533285
10.112892,10.275085
10.069244,10.448744
9.766169,9.433564
10.058622,10.915107
9.85198,10.59666
9.907217,9.82558
9.779818,9.734891
9.955788,10.819798
10.17004,10.2036295
9.801645,10.085851
10.272654,10.308986
10.02743,9.903538
10.135254,10.021315
10.29011,10.59666
10.051041,10.651147
10.390713,10.819798
10.199863,10.165891
9.676935,9.839003
9.780621,10.329572
9.991219,10.0533285
9.7896,10.389026
10.225431,10.463132
9.932728,10.097779
10.532251,10.915107
10.128641,10.021315
10.451473,10.645449
9.968899,10.097779
9.848378,9.66148
9.69212,9.680407
10.041238,9.975855
10.345117,10.71444
9.946437,10.463132
9.381806,9.903538
10.053312,10.165891
9.946195,9.952325
10.043592,10.064798
10.174361,10.657283
10.230263,10.532123
10.145617,9.510519
9.939636,10.657283
10.172321,9.711176
10.586771,11.156265
9.781953,9.765661
10.139933,10.165891
10.125624,9.998843
9.876169,10.389026
9.870662,9.952325
10.10835,10.532123
9.741471,9.510519
9.883047,9.755626
10.179491,10.308986
9.244465,9.952325
10.090234,10.59666
10.062834,10.097779
10.258133,10.463132
10.083134,10.221977
9.977139,10.559582
10.147209,10.152338
9.698132,10.07538
9.836446,9.82558
10.2068405,9.952325
10.429012,10.308986
10.024964,9.686637
10.181307,10.021315
9.815438,9.952325
9.840013,9.82558
9.920996,10.021315
10.200075,10.992066
10.353367,10.434145
10.099562,10.373523
9.8975935,10.239996
10.246973,10.627431
9.744704,10.126671
9.98071,9.557541
9.889846,9.615872
9.615285,9.615872
10.34659,11.434975
10.306441,10.78934
10.431222,10.463103
10.114864,9.615872
9.714849,10.888838
7.94731,9.433564
9.968281,9.770013
9.741058,9.770013
10.365503,10.72549
9.81537,9.878221
10.412792,10.72549
10.550583,10.968216
10.221434,10.532123
10.376064,10.819798
10.338114,10.558439
10.537753,11.042938
10.086235,10.819798
10.697056,11.258046
10.141097,11.289794
10.010239,10.112451
10.627682,10.915107
10.034545,11.002116
9.903107,10.237779
9.853718,10.819798
10.244889,11.082158
10.144493,10.532123
10.671417,10.532363
9.781859,9.903538
9.981404,10.532123
10.00532,10.126671
10.00405,10.59666
9.731736,10.153195
9.912427,9.9804945
9.846449,9.952325
9.962751,10.203592
10.068351,10.809748
10.289246,10.518701
10.394859,10.657283
10.234253,10.538767
10.160433,10.558439
10.541048,10.778977
10.018995,9.958023
9.957571,9.928229
9.707771,10.153195
9.69395,10.265349
10.494671,10.7987795
10.066429,10.691968
10.039429,10.571342
9.818607,9.852247
9.923393,10.045031
10.528635,10.855937
10.014608,10.389026
10.131802,11.407576
10.018663,10.389026
10.233412,10.239996
9.759354,9.770013
10.096857,10.463132
9.72328,10.927394
9.465034,9.952325
10.202501,10.657283
9.941511,9.852247
10.067389,10.768506
10.2270775,9.7981825
10.0987625,10.657283
9.018656,9.952325
10.357737,10.532123
10.110511,10.389026
10.410843,10.332702
10.083624,10.165891
10.18459,10.532123
9.985109,10.193991
10.2564335,10.7987795
10.277292,9.711176
10.215083,10.389026
9.934418,9.741028
10.339242,10.907807
10.142776,10.275085
9.928263,10.249946
9.912033,10.085851
10.162685,10.819798
10.049196,10.809748
10.211242,10.357775
10.31403,10.308986
9.898105,10.448744
9.9261,10.162808
10.301739,10.628158
10.275513,10.532123
10.109224,10.357775
10.118008,10.1849375
8.436582,10.59666
10.04237,9.862718
10.414988,11.056603
10.308288,10.463132
10.425854,10.532123
10.047084,10.448744
10.169429,10.657283
9.972236,10.268166
10.120264,10.768506
10.004915,10.422311
9.864124,10.239996
10.328913,9.472781
9.873963,10.064798
10.07683,10.1849375
9.9694195,10.341775
10.055455,10.609082
10.101873,10.450481
9.946915,10.165891
9.689917,9.903538
10.038918,10.628158
10.11541,10.234265
9.755803,10.064798
10.468405,10.332702
10.249762,10.657283
10.008305,10.021315
10.094736,10.357775
10.262777,11.407576
9.2735405,9.911506
10.289431,10.221977
10.18652,10.308986
9.8632965,10.064798
10.15047,10.357775
10.032906,10.043293
9.973567,10.645449
9.098582,9.975855
10.24493,10.389026
10.332916,10.419331
9.957683,10.532123
10.006812,10.126671
10.322542,10.915107
9.796184,10.297251
10.269956,10.341775
10.31419,10.657283
10.392539,10.874286
10.052002,10.221977
10.305985,10.165891
10.27165,10.463132
10.424813,10.491302
10.325669,10.71444
10.318085,10.357775
9.813396,10.491302
10.404245,9.911506
9.980637,9.757363
10.180065,9.903538
10.2145195,11.042938
10.2060585,10.657283
10.209261,10.657283
10.123058,10.505095
10.243887,10.085851
9.938991,10.389026
10.145687,10.959558
10.063138,10.275085
9.961363,10.221977
10.2519245,9.964159
10.292524,10.275085
10.344532,11.082158
9.672904,10.045031
9.90535,10.021315
9.73235,10.389026
9.219656,10.404293
9.96968,10.275085
10.056959,11.156265
10.31855,10.332702
9.747706,10.389026
9.159435,10.126671
10.274878,10.002473
9.999414,10.633472
9.966891,10.2036295
9.945848,10.05608
10.03393,10.463132
9.98257,10.239996
9.826677,10.2036295
9.982788,11.002116
9.588439,10.463132
10.033145,10.532123
10.030594,10.532123
9.915857,9.536113
9.918043,10.021315
9.87712,10.234265
10.397623,10.657283
10.045572,10.308986
10.088451,10.71444
9.878201,10.1849375
9.872551,9.9804945
10.205464,10.463132
10.449884,10.818197
10.187553,10.68627
9.840136,10.239996
9.835389,9.741028
10.261221,10.085851
10.072988,9.903538
10.162496,10.308986
10.205339,10.126671
9.692452,10.221977
10.164362,10.1849375
9.758534,9.975855
9.813362,9.862718
9.944512,10.059679
9.886891,10.181157
9.874034,10.165891
10.320935,10.221977
10.218796,10.463132
8.940012,10.275085
10.232389,10.106469
10.406595,10.673619
10.587509,10.819798
10.053591,9.865318
9.987202,9.865318
10.058883,10.176601
9.986393,10.389026
9.8016815,10.558439
10.024982,10.308986
9.966416,9.865318
10.307829,10.633472
9.822811,10.308986
10.069563,10.463132
10.367136,11.115443
10.090737,11.324196
9.6493,9.852247
9.929679,9.975855
10.234191,9.755626
10.189461,9.581973
10.372432,10.043293
10.372955,9.472781
9.779667,10.221977
10.003161,10.221977
10.117813,10.165891
10.31302,9.64866
10.263756,10.1849375
10.37721,10.463132
10.141922,10.239996
10.000117,10.1849375
9.629373,10.106469
9.104509,9.903538
9.777476,10.532123
9.878117,10.199175
10.030365,10.532123
9.560444,9.711176
9.934077,10.257694
10.038101,10.819798
10.012249,10.341775
9.880773,10.532123
9.826479,10.275085
9.999429,10.221977
10.161563,10.768506
10.361302,10.819798
10.210111,10.389026
9.850097,10.221977
10.115019,10.389026
10.16769,10.106469
10.289606,10.434145
9.936754,10.448744
10.137058,9.380168
9.697743,10.221977
10.185305,10.680539
9.894266,10.146473
9.766478,10.221977
9.92655,10.2036295
9.668169,10.404293
9.991293,10.106469
10.236769,10.021315
10.158885,10.389026
10.150845,10.221977
10.441654,10.268166
10.564374,10.59666
10.173342,10.819798
10.108797,10.419331
10.036651,10.59666
9.99917,10.021315
9.924873,10.59666
10.432564,11.002116
10.126179,10.463132
10.0951605,10.2036295
10.499133,10.657283
10.1308365,10.357775
10.115395,10.275085
10.21393,10.633472
10.364576,10.308986
10.384455,11.119898
10.447044,11.191356
10.141922,9.615872
10.095957,10.419331
10.281462,10.819798
10.012329,10.085851
10.048544,10.422579
9.864218,10.156229
9.185635,9.392745
10.153572,10.106469
9.352402,9.683776
9.81633,10.519889
9.71609,10.519889
9.409676,10.0299
10.255351,10.477316
9.482115,10.491302
10.200946,10.257694
9.7153,9.896614
10.016496,10.126671
9.351565,9.787123
9.381839,10.308986
9.766949,10.71444
9.585465,9.903538
9.884226,10.404293
9.691253,10.518701
9.5053425,10.657283
9.571513,10.453082
9.277794,10.255165
9.936453,10.126671
10.064484,10.809748
10.276815,10.538767
9.976553,9.911506
9.5261135,10.308986
9.4930725,10.06951
9.981552,9.878221
9.863369,10.07538
10.25142,10.381243
10.045883,10.463132
10.28249,10.768506
10.1755705,9.852247
9.91222,10.308986
10.067509,9.896614
10.025713,10.071287
10.214413,10.507913
10.09638,10.423917
10.505041,10.4174185
10.324331,10.878066
9.885898,9.903538
10.104624,11.512936
9.478239,10.221977
9.859648,10.389026
9.808939,9.903538
10.152839,10.292179
9.951019,10.2036295
9.866273,9.903538
9.782853,9.89096
9.909004,9.903538
9.889641,9.903538
10.104817,9.770013
10.204912,9.852247
10.196913,9.903538
9.242428,9.998843
9.528442,9.998843
10.210347,10.2036295
9.506928,9.770013
9.628846,9.770013
10.006676,9.839003
9.80928,9.528867
9.814926,9.528867
9.852066,9.903538
10.107021,10.59666
9.990308,9.615872
9.979897,9.878221
10.110252,10.239996
10.79594,10.959558
10.825928,11.407576
10.689169,11.119898
10.111138,11.407576
10.673938,11.407576
10.735668,11.289794
10.58214,11.191356
10.356031,11.407576
10.201931,10.419331
9.734049,11.472114
10.803429,10.915107
10.61626,11.002116
10.732258,10.8685875
10.289064,11.119898
10.490908,10.8685875
10.272821,11.608245
10.222988,10.555839
10.679739,11.379406
10.711609,11.225257
9.44239,11.407576
10.0615225,11.289794
10.693008,9.729194
9.386455,10.819798
10.636335,10.645449
10.052416,10.819798
10.851286,11.320565
10.4517975,10.768506
10.424294,11.156265
10.29982,11.320565
9.85772,10.703267
10.496965,11.042938
10.469382,10.59666
10.651876,11.350418
10.201784,10.915107
10.480692,10.657283
10.869583,10.59666
10.196579,11.042938
10.494545,11.191356
10.203909,10.768506
10.569431,11.156265
10.553383,10.545368
10.497623,10.308986
10.573027,11.156265
10.65533,10.819798
10.403278,11.156265
10.348507,11.002116
10.085532,10.933125
10.654137,10.268166
10.844597,10.268166
10.189977,10.308986
10.48318,10.758775
10.120239,11.060385
10.478363,11.407576
10.506248,11.002116
10.687525,11.380548
10.116064,11.184435
10.177672,9.862718
10.537949,10.085851
10.1297035,10.532123
10.400278,11.041337
10.451542,10.673619
10.410434,10.532123
10.172749,10.71444
10.16648,10.768506
9.835402,10.165891
10.1394615,10.257694
9.821026,9.433564
10.029909,10.021315
10.03776,10.221977
10.051804,10.532123
9.953737,10.532123
10.088636,10.308986
9.644555,10.71444
9.521017,10.59666
10.286867,10.477316
10.180123,10.768506
9.887918,10.819798
10.012318,10.1849375
9.964882,10.532123
9.959951,10.2036295
9.785091,10.043293
9.840257,10.248884
10.1084,10.59666
10.408241,10.043293
10.214415,10.142544
10.269602,10.491302
10.238274,10.308986
10.347521,10.221977
9.649389,10.021315
10.281526,11.004114
10.134703,10.308986
10.112806,11.258046
10.286005,11.082158
10.110172,9.964159
10.6722555,11.320565
10.550481,11.042922
10.603258,11.042922
9.9509325,11.379395
10.5325165,11.042922
10.6976795,11.042922
10.65958,11.379395
10.980916,11.379395
10.4526825,11.042922
10.4083395,11.042922
10.188202,11.042922
10.747574,11.379395
10.640076,11.042922
10.509245,11.042922
10.412303,11.042922
10.515762,11.042922
10.343449,11.042922
10.665377,11.379395
10.652895,11.042922
10.446398,11.042922
10.463953,11.042922
10.203494,11.042922
10.736963,11.042922
10.534511,11.042922
10.063503,11.042922
10.429525,11.042922
10.821554,11.042922
9.767853,9.7981825
9.96696,10.389026
10.230598,11.002116
10.2156515,10.085851
10.192758,10.389026
10.078663,9.770013
10.366451,10.768506
10.386049,11.191356
10.142528,10.768506
10.384243,11.156265
10.243287,10.959558
9.980822,10.463132
10.0739565,11.041337
10.124048,10.308986
10.161978,10.71444
9.635535,10.736419
9.377217,10.126671
10.09395,9.952325
10.184493,10.78934
10.030575,9.952325
10.150602,10.126671
10.186992,10.2036295
10.454954,10.357775
10.408492,10.491302
10.252241,10.819798
9.85881,9.975855
10.306313,10.59666
10.281048,10.2036295
9.950567,10.532123
10.106583,10.389026
9.9313345,10.221977
9.757611,10.768506
9.885543,9.928229
10.385933,11.225257
10.385933,11.225257
10.385933,11.225257
10.2533,11.002116
10.208481,11.002116
10.208481,11.082158
10.495993,11.002116
10.102288,10.71444
10.209789,10.71444
10.007959,10.463132
10.396971,10.463132
9.881878,11.191356
10.308269,11.350418
10.248903,10.126671
10.487913,11.097425
10.265568,10.59666
10.226543,10.292179
10.339715,10.59666
10.253204,10.404293
10.494656,11.002116
10.300856,10.8685875
10.317073,9.615872
9.6877575,9.878221
10.1396675,10.768506
10.093468,9.615872
10.341097,10.463132
10.436115,10.389026
10.345778,10.768506
10.419975,10.59666
10.355845,11.472114
9.965981,10.257694
10.202183,10.950824
10.516825,11.097425
10.353393,10.532123
10.330109,11.191356
10.813767,11.790565
9.907579,9.975855
10.68471,11.191356
10.346925,10.819798
10.032923,10.308986
9.643349,10.199175
9.869369,10.064798
10.527321,10.518701
10.661442,10.768506
10.12,10.819798
10.752857,11.338584
10.529871,11.338584
10.251042,10.404293
10.1388645,10.571342
9.951189,10.59666
10.417936,10.71444
10.674328,11.338584
10.426192,11.082158
10.536281,11.002116
9.956052,10.874286
10.417517,11.042938
9.910155,10.165891
10.126915,10.819798
9.967585,10.404293
10.341234,11.042938
10.019428,10.819798
10.067919,10.71444
9.997268,10.126671
9.931997,9.903538
9.961522,10.126671
10.03231,10.126671
9.870951,11.512936
10.027817,10.165891
10.032423,10.308986
10.295916,10.768506
10.462519,10.8685875
10.063533,10.389026
10.060781,10.389026
10.012922,10.71444
9.880711,10.657283
10.027458,10.59666
10.178861,10.8685875
10.254047,10.59666
10.605322,11.002116
10.295748,10.819798
10.128081,10.645449
9.20031,10.915107
9.886759,10.463132
10.155577,10.59666
9.978348,10.389026
9.750305,10.021315
10.386375,10.404293
10.271414,10.819798
10.376324,10.357775
9.915354,10.538767
10.290755,11.082158
10.283245,11.042938
10.233582,10.126671
10.294499,10.915107
9.556008,11.002116
9.450226,10.59666
10.271811,10.463132
9.927028,10.021315
9.851581,10.463132
10.39904,10.915107
9.977923,10.896758
10.35137,10.71444
10.04542,10.532123
10.2979555,10.778977
10.563526,10.530521
10.324086,10.736419
10.128703,10.389026
10.124058,10.915107
10.139904,10.221977
9.997408,10.275085
9.999158,10.165891
9.997933,10.389026
10.472649,10.450481
9.688721,10.768506
10.255678,11.002116
10.286701,10.915107
10.115368,10.768506
10.333176,10.532123
10.108845,10.8685875
9.901377,11.082158
10.139393,9.903538
9.947286,9.903538
10.473153,10.819798
10.133413,10.463132
9.836332,10.221977
10.022394,9.952325
9.876913,10.106469
9.925108,10.448744
9.787478,10.463132
9.853966,10.300954
9.325273,11.225257
10.3370695,11.340012
10.203621,10.758775
10.246905,10.373523
10.116336,10.915107
10.557299,10.234265
10.24123,10.434145
9.840853,10.268166
10.349136,10.463132
10.010628,10.1849375
10.291498,11.14031
10.397631,11.104972
10.462648,10.463132
10.34098,10.959558
10.318085,10.393325
10.082352,10.156229
10.326099,10.71444
10.138842,10.915107
10.348228,11.289794
9.938161,10.8685875
10.242344,10.464274
10.070228,9.998843
10.056921,10.819798
10.279458,11.082158
10.203941,10.463132
10.027588,10.609082
10.304766,10.59666
10.621315,10.389026
10.163955,10.450481
9.998808,10.221977
10.334539,10.239996
10.152425,10.532123
10.185997,10.463132
10.145124,10.71444
10.302013,10.959558
10.300045,10.915107
10.204233,10.59666
10.0855465,10.915107
10.087814,10.657283
10.23454,10.357775
10.130377,10.463132
9.981611,9.82558
10.070032,10.532123
10.531662,10.959558
10.204214,10.758775
9.80925,11.184435
9.9878845,9.998843
10.238895,10.915107
9.933777,10.532123
10.08017,10.787503
10.18001,10.59666
9.953897,10.657283
9.975379,10.532123
10.090111,10.71444
10.089414,10.8685875
10.08319,10.505095
10.033507,9.975855
10.088264,10.961295
10.539457,10.47788
10.958537,11.082128
10.219024,10.389026
10.048626,10.463132
10.048626,10.463132
10.188841,10.257694
10.002076,10.404293
10.079912,10.71444
10.348646,11.042938
9.985825,10.819798
9.885944,10.146473
10.402643,11.082158
10.27001,10.325515
10.357241,10.463132
10.171993,10.8685875
9.865592,10.308986
10.282195,10.021315
9.911784,10.043293
10.217516,10.59666
10.239474,11.082158
10.210647,10.59666
10.03151,10.221977
10.388531,10.915107
10.378709,10.71444
10.178799,10.59666
10.3299885,11.407576
10.035618,10.021315
10.086498,10.609082
10.121853,11.184435
10.209251,10.657283
10.108084,10.532123
10.286276,10.959558
10.120637,9.7981825
10.181068,10.691968
10.343845,10.651147
10.44236,10.12507
10.342018,10.450481
10.129665,10.419331
10.344259,11.002116
10.571728,10.71444
8.800577,10.558439
10.020466,10.532123
10.099401,10.532123
10.312916,10.239996
10.007984,10.126671
10.259218,10.555839
10.242365,10.71444
10.644342,10.896758
10.620715,10.251359
9.95883,9.433564
9.6981125,10.571342
9.952623,9.546884
9.8172655,10.657283
10.106902,9.839003
9.987537,10.2036295
10.305232,10.373523
9.893866,10.325515
9.892202,10.165891
9.911718,10.085851
10.101042,10.2036295
10.250233,10.657283
10.112018,10.532123
10.146477,10.915107
10.031107,10.71444
9.964618,9.903538
10.029482,9.975855
10.289362,10.221977
10.291483,10.8685875
10.65834,11.512936
10.146692,9.839003
10.175375,9.839003
9.97563,10.165891
10.306896,10.68627
10.286622,10.59666
10.974372,11.225257
10.1525,11.320565
10.340208,10.8685875
10.161999,10.71444
10.369123,10.59666
10.410505,10.959558
10.456576,10.849357
10.37032,10.146473
10.153888,10.308986
10.400265,10.959558
9.782429,11.512936
10.383543,10.021315
10.261597,10.657283
10.169601,10.703267
10.35,10.819798
10.444071,10.657283
10.46822,10.085851
10.446834,11.002116
10.320141,10.819798
10.669422,11.082158
9.917622,10.71444
9.921474,10.532123
10.207033,10.71444
10.561281,11.002116
9.953358,10.146473
10.260246,10.463132
9.797058,10.389026
10.705186,9.998843
8.640221,10.2036295
10.182955,10.532123
9.792394,10.633472
10.260584,10.645449
10.0362625,10.463132
10.330571,11.115443
10.013014,10.819798
10.431669,10.373523
9.610244,10.959558
9.833352,9.573316
9.800316,9.528867
10.4171295,10.448744
9.789066,10.064798
10.542978,11.119898
10.162422,9.852247
9.896505,9.975855
9.557503,9.903538
10.31625,9.928229
9.74375,9.7981825
10.436166,10.8685875
10.161002,11.002116
10.2433815,10.463132
10.345943,10.657283
10.184827,10.165891
10.258021,10.532123
9.958173,10.308986
10.437116,10.156229
10.05826,10.389026
10.174681,10.389026
9.841963,10.389026
9.916831,9.852247
10.043168,9.878221
10.074411,10.463132
10.048664,10.275085
10.220184,11.289794
10.213602,10.8685875
9.97143,9.881804
10.082257,9.975855
10.283252,10.275085
10.157112,10.915107
9.850519,10.657283
10.139711,11.002116
10.269281,10.308986
10.018782,10.809748
9.835623,10.59666
10.64419,11.002116
10.151347,10.607896
10.186254,10.505095
9.845306,9.573316
9.7876425,9.528867
10.324415,11.082158
9.74771,9.615872
10.151605,9.852247
9.773859,10.221941
10.197817,10.455964
10.299664,10.59666
10.0218115,10.657283
10.053169,10.308986
10.325684,10.239996
10.370284,11.042938
10.159735,9.998843
10.059462,9.82558
10.412806,10.389026
10.1439495,10.308986
10.025866,10.463132
10.148573,10.308986
10.436294,11.002116
10.487082,10.768506
10.068146,10.165891
10.090368,10.146473
10.177513,10.021315
10.139545,9.7981825
10.470726,10.357775
10.15082,11.225257
10.579319,10.59666
10.311409,11.002116
9.619817,9.680407
9.787849,9.878221
9.684334,9.878221
9.544676,10.915107
10.340855,10.8685875
9.870339,9.975855
9.54364,9.878221
9.63915,9.928229
9.822549,9.998843
10.16239,9.7981825
9.687204,9.998843
9.833881,9.770013
9.908004,10.126671
9.702524,9.6959095
9.744154,10.1849375
9.52694,9.975855
9.933587,10.126671
9.782024,10.021315
9.615981,9.7981825
10.1568165,10.463132
9.463671,9.741028
9.911467,10.373523
10.154596,10.126671
9.717688,10.2036295
9.641302,9.7981825
9.807497,9.806481
10.181601,11.082158
9.40265,9.975855
9.721989,10.126671
9.708049,10.325515
9.883743,9.680407
10.023757,10.2036295
9.843422,10.043293
9.560155,9.852247
9.696008,9.7981825
9.885408,9.878221
9.778367,10.021315
10.205114,10.064798
9.631618,9.680407
9.550771,9.680407
9.476815,9.711176
9.492943,9.680407
9.736341,9.510519
9.54359,9.7981825
9.705904,10.389026
9.814804,9.741028
9.473703,9.975855
9.882333,10.419331
9.556365,9.7981825
9.938507,10.043293
9.592495,10.126671
9.918046,10.165891
9.942143,10.389026
9.626237,9.711176
9.633213,9.64866
10.064469,10.085851
9.854917,10.07116
10.014417,10.308986
9.656849,10.085851
9.368309,9.4697
9.974572,10.341775
9.399187,10.389026
9.872118,10.126671
9.6803,9.64866
9.608072,10.126671
9.570955,9.711176
9.478494,9.64866
9.474382,9.711176
9.943315,10.463132
9.474382,9.680407
9.470896,9.770013
9.913165,9.903538
9.497105,9.581973
9.548491,10.064798
9.467077,9.998843
9.353402,9.4697
9.314442,9.862718
9.854159,10.1849375
9.373282,9.4697
9.346828,9.4697
9.697643,9.928229
9.8499565,10.021315
9.899024,10.292179
9.968218,10.221977
9.503137,9.581973
9.940119,9.903538
9.495553,9.60245
10.173998,10.59666
9.664039,10.126671
9.90203,10.085851
9.69821,9.928229
9.552067,9.64866
9.793238,9.7981825
9.705733,10.021315
9.627728,9.770013
9.870384,10.126671
10.324615,10.505095
9.67963,9.852247
10.069912,10.657283
9.632526,10.463132
9.625835,9.903538
9.762264,10.126671
9.638584,10.221977
9.900858,9.975855
9.699458,9.903538
9.746056,9.903538
9.720522,10.085851
9.884036,10.221977
10.054594,10.463132
9.861834,10.126671
9.649147,9.541154
9.787544,9.784197
9.7765045,9.903538
9.907363,10.221977
9.502173,9.680407
9.902745,9.852247
9.762515,9.903538
8.806019,10.165891
9.951209,10.71444
9.818904,11.119898
9.788609,10.221977
10.344759,10.357775
10.223307,10.373523
9.838865,10.064798
9.806967,9.903538
9.933887,10.59666
9.975113,10.463132
9.777411,10.152026
10.350361,10.221977
10.061979,10.126671
9.791364,9.546884
9.961376,9.510519
9.934008,9.546884
9.873096,10.419331
9.852238,9.878221
10.324495,10.571342
9.968672,9.546884
9.774806,9.554001
9.762616,10.021315
9.80326,9.546884
10.4004345,11.407576
9.787364,9.928229
10.0282,10.239996
10.117909,10.389026
10.162377,11.1947975
9.96887,11.248973
10.352246,11.042938
10.181089,10.915107
10.225067,10.657283
9.99982,9.928229
10.180874,10.532123
9.982517,10.915107
9.906134,10.59666
10.2560835,10.71444
9.92502,9.755626
9.945169,10.221977
9.755068,9.680407
9.971798,10.021315
9.7421875,10.308986
10.399852,10.71444
10.23682,10.8685875
9.916908,9.7981825
10.119061,10.959558
9.740061,10.126671
9.988947,9.7981825
9.880123,10.126671
10.059518,9.770013
10.046598,9.770013
10.035538,10.668979
9.84874,9.903538
9.983603,9.770013
10.161013,10.357775
9.998043,10.463132
9.8454275,9.793729
10.0063715,9.928229
10.114243,11.002116
10.20264,10.021315
9.941965,9.711176
10.027668,10.768506
10.060365,10.768506
10.060621,10.71444
10.003788,10.59666
9.790192,9.964159
9.366386,9.680407
10.03122,10.558439
10.041311,9.711176
10.235191,10.59666
9.876274,10.373523
10.647537,10.292179
10.7599945,11.191356
9.780264,9.852247
9.699509,10.558439
9.78047,10.126671
10.112265,10.657283
9.986799,10.450481
10.1502,10.165891
10.070827,9.987415
10.070827,10.021315
9.6347065,9.615872
10.155304,10.477316
10.259396,10.71444
10.260663,10.657283
10.795233,10.275085
10.221515,10.463132
10.320251,10.518701
9.775942,10.165891
9.809719,9.392745
9.943316,10.341775
9.713023,10.116621
10.058592,10.126671
9.560336,9.639587
9.966634,10.389026
9.909117,10.221977
9.861246,10.2036295
9.996736,10.292179
10.197701,10.308986
10.244567,10.165891
9.459342,10.028224
10.032362,9.911506
9.818861,9.711176
10.297962,11.119898
10.040289,10.915107
9.623003,9.998843
9.451614,9.584314
10.063521,10.2036295
10.435183,11.156265
9.652499,9.615872
10.158585,10.71444
9.614092,9.952325
9.889121,10.239996
9.93615,10.221977
9.60359,9.564583
10.244324,10.532123
9.468702,9.862718
10.177866,10.71444
10.0083885,10.239996
10.150707,10.341775
9.985134,9.928229
9.535704,9.541154
9.42157,9.575053
10.358245,10.59666
9.703212,9.371694
9.826208,9.770013
10.361547,10.59666
10.2752495,10.043293
10.060855,10.308986
9.913764,9.998843
10.058228,10.532123
9.682778,9.852247
9.9607525,9.7981825
10.096806,10.308986
10.096652,10.126671
9.880386,10.59666
10.243803,10.357775
9.671795,9.998843
9.677034,9.592264
9.9638815,10.59666
9.698577,9.519515
10.061019,10.126671
10.271704,10.021315
10.411793,10.819798
10.165783,10.532123
9.707295,10.558439
9.689058,9.506065
9.743084,9.770013
10.079515,10.915107
10.245081,10.463132
10.115067,10.021315
10.594591,10.555839
10.131029,10.532123
9.710395,10.335173
9.548582,9.506065
9.989912,10.308986
9.986145,10.498222
9.82665,9.639587
10.0917015,10.657283
10.17235,10.275085
10.190876,10.532123
9.768305,9.928229
10.047253,10.59666
10.313242,10.393325
9.829445,10.59666
9.69914,9.159152
9.844445,10.165891
10.045672,9.998843
10.113896,10.768506
10.291103,11.002116
10.03325,10.959558
9.750122,10.221977
10.527191,10.874286
9.890622,10.064798
9.77179,9.615672
10.38294,11.350418
10.3112755,10.819798
10.096796,11.002116
10.121788,10.308986
10.274548,10.463132
9.748317,11.512936
10.071491,10.463132
10.012813,10.532123
10.089355,10.839601
10.307621,10.768506
9.823902,9.770013
10.041684,10.325515
10.307621,10.768506
10.164534,10.657283
10.283925,10.657283
10.098912,10.221977
10.071819,10.389026
10.24333,10.085851
10.019531,10.146473
10.17643,10.308986
10.330631,10.308986
10.280102,10.389026
10.355826,10.976799
10.077608,9.615872
9.923776,9.615872
9.949145,10.308986
9.831612,10.021315
10.287535,11.002116
10.28323,11.002116
10.030348,10.165891
9.905779,9.903538
9.890415,10.389026
9.763412,10.308986
10.113789,10.59666
9.770536,9.852247
9.849026,10.043293
10.280329,9.7981825
10.097956,10.021315
9.761581,10.116621
10.321746,10.491302
9.136761,10.045031
10.085653,10.78934
9.666759,10.308986
9.803089,10.463132
10.115537,10.59666
10.486631,10.621352
9.643464,9.64866
10.44429,10.621352
9.953349,9.952325
9.957965,10.308986
10.24195,10.571342
10.157066,10.434145
9.901872,10.59666
10.012917,9.998843
10.492361,10.8685875
10.146879,11.042938
10.168327,10.221977
10.398125,10.72549
9.18568,9.462266
9.442739,9.670357
9.444594,9.4697
10.232276,9.82558
10.196464,9.952325
10.284769,10.389026
10.005845,11.002116
10.08585,10.819798
9.513653,9.741028
9.779211,10.268166
10.231731,10.768506
9.919479,10.021315
10.591961,10.404293
10.524663,11.042938
9.920241,9.952325
10.346968,10.532123
10.015474,9.210441
9.908612,10.657283
10.09378,10.389026
9.853726,9.952325
10.285165,11.233225
9.847815,10.1849375
10.512922,10.389026
9.777748,9.615872
10.081737,10.146473
10.392784,10.71444
9.594719,11.350418
10.224248,10.043293
9.992853,10.71444
9.952387,10.1849375
9.675248,9.9804945
9.848509,9.770013
10.269299,11.277216
9.861235,9.611664
9.810511,9.546884
10.143106,10.308986
9.875741,9.952325
10.178239,10.308986
9.914961,10.915107
9.6658,9.952325
9.510574,9.692828
9.575895,9.564232
10.004547,9.852247
10.172089,10.221977
10.226072,10.341775
9.734658,10.1849375
10.00704,10.221977
10.257238,10.463103
9.845292,10.043293
9.845292,10.043293
10.08435,10.389026
10.052213,10.532123
9.753632,10.275085
9.853729,10.126671
10.189541,10.389026
9.878078,9.82558
10.294406,10.085851
10.631674,11.338584
10.117252,10.463132
10.168349,10.2036295
9.920046,10.165891
10.687961,11.060385
10.348884,11.350418
9.98457,10.59666
9.733715,9.7981825
10.021294,11.350418
10.322041,9.82558
10.0933,10.463132
9.903471,10.2036295
10.1237755,10.532123
10.060419,10.915107
9.6764,10.491302
10.213007,10.057452
10.2300005,10.71444
10.305836,11.350418
10.393265,10.961295
10.215828,10.657283
9.782566,10.085851
9.692122,10.12507
10.0186615,10.021315
10.047271,11.225257
10.292221,10.199175
10.315002,10.532123
10.250746,10.021315
10.0173,10.419331
10.225758,10.064798
10.441345,11.248973
10.110724,10.106469
10.219484,10.373523
10.00384,10.657283
10.261753,11.289794
10.025049,9.7981825
10.173052,10.915107
10.339557,10.463132
10.099425,10.106469
9.979985,10.915107
10.227346,10.8685875
10.31867,10.768506
10.067119,10.915107
9.899076,10.389026
10.126461,10.959558
10.075553,9.639587
10.346172,10.221977
10.401353,11.086456
10.19666,10.633472
9.614996,10.332702
10.158481,10.308986
10.422002,10.819798
10.025305,10.341775
9.609207,9.903538
9.844376,9.7981825
8.221146,10.1849375
10.467958,10.7987795
10.35773,10.657283
10.188234,10.341775
10.01155,10.357775
9.836205,10.021315
9.944767,10.308986
10.451868,11.184435
10.2618265,10.71444
10.187632,10.657283
9.602224,9.82558
9.998829,10.768506
10.587594,10.463132
9.915631,10.71444
10.105228,10.126671
9.800135,9.64866
10.027515,9.680407
10.022932,9.741028
9.794987,9.998843
10.146671,10.532123
9.738913,9.952325
9.593517,9.82558
9.95919,9.800845
10.174876,10.768506
9.949619,10.558439
10.753117,11.320565
9.404398,10.645449
10.1010685,10.257694
10.125988,10.717103
10.522599,10.915107
9.820606,10.59666
10.191431,10.085851
10.305405,10.308986
9.902103,10.005412
9.850388,10.389026
10.200782,11.225257
9.674844,9.878221
10.5552845,10.874286
10.204621,10.457401
10.052379,10.308986
9.937329,10.308986
9.95524,9.770013
9.971116,9.770013
9.992433,9.6959095
10.112026,10.085851
10.037871,10.457401
10.204913,11.082158
10.187656,10.221977
9.991848,10.532123
10.288513,10.463103
10.145998,10.71444
9.990137,9.928229
10.307148,10.221977
9.771104,10.463132
9.761512,10.308986
10.045419,9.770013
9.973899,9.82558
10.410112,10.71444
10.140776,10.341775
10.442898,10.688051
9.944606,10.59666
9.86874,9.82558
9.865641,10.275085
9.66938,9.770013
9.786551,10.275085
10.149053,9.729194
10.212579,10.389026
9.904714,9.903538
10.238497,10.389026
10.241753,9.82558
10.187119,9.705097
9.723448,10.545368
10.103495,9.729194
9.859791,10.126671
10.337957,10.768506
10.281271,10.71444
10.133678,10.221977
10.48571,10.819798
10.225093,10.021315
9.822299,9.392745
9.618064,10.434145
10.170956,10.657283
9.683921,10.106469
10.062148,10.404293
9.992874,10.021315
10.049347,9.700208
10.134821,9.541154
10.031701,10.308986
10.11111,10.085851
10.244673,10.357775
9.778667,9.852247
9.8642845,9.7981825
9.884744,9.878221
10.160772,11.156265
9.87388,10.474495
10.3967705,10.532123
10.631753,11.407576
9.86484,9.741028
9.960352,9.852247
10.694665,10.085851
10.009157,10.463132
10.473772,10.085851
9.992657,10.59666
10.126769,10.126671
9.553522,9.711176
9.815929,10.540091
10.131198,10.474495
9.87388,10.474495
10.0396595,10.126671
10.398532,10.463132
9.974108,10.59666
10.398532,10.463132
9.82723,10.239996
9.574829,10.126671
10.073676,10.126671
10.181999,10.308986
9.828621,9.575053
9.888496,9.729194
9.797106,9.575053
9.948784,10.292179
9.927477,10.491302
10.077452,11.407576
9.998137,9.65509
10.104181,10.308986
10.146823,10.165891
10.100001,10.221977
10.232861,9.852247
9.978497,9.928229
10.2748165,10.571342
9.931915,9.64866
10.324199,10.747229
10.128813,10.71444
10.478127,11.366755
10.197073,10.404293
10.286833,10.434145
10.185859,10.370393
10.122468,10.045031
10.509445,11.042938
10.145012,10.59666
10.006672,10.59666
9.959431,10.021315
10.250973,9.975855
10.051636,9.852247
10.389528,10.59666
10.672493,11.472114
10.273594,10.126671
10.377617,10.491302
10.867505,11.496806
10.412851,10.126671
10.359287,11.512936
10.000372,10.213285
9.358283,10.20474
10.045988,10.385173
10.268861,11.041337
10.152793,10.308986
9.8048,9.903538
10.470485,11.184435
9.83313,10.126671
10.630046,11.512936
9.940371,10.422311
10.18876,10.457401
10.050848,9.3843775
9.75828,10.225607
9.928573,8.722417
9.898365,9.575053
9.9264145,10.268166
9.807882,10.457401
9.803099,10.457401
10.210268,10.257694
10.113576,10.027473
9.908057,9.680407
9.97625,10.280999
9.802029,9.575053
9.60525,9.399058
9.640413,9.542302
9.602238,9.093919
10.120999,10.901948
9.74947,9.66396
9.652608,9.621721
10.314669,10.23351
9.873042,10.917812
10.340417,11.082158
10.138529,10.23351
10.2617035,11.082158
10.322789,11.002116
9.879106,10.23351
9.008692,8.786762
10.338819,10.23351
10.211121,10.23351
10.124699,10.010366
9.848557,10.714973
9.66321,10.23351
9.461061,10.748776
10.000088,10.169767
9.498699,9.597913
9.846726,9.71764
9.764918,9.71764
9.960542,11.0260935
9.860581,10.457401
9.631855,9.583076
9.521724,9.406976
9.9770355,10.754236
9.867935,9.583076
9.787928,9.2680435
9.663601,9.490167
9.582434,9.537844
9.930426,10.268166
10.028252,10.385944
10.301472,10.23351
10.061848,10.126671
10.134857,10.260008
10.076811,10.389026
10.209837,10.545368
10.191358,9.741028
10.4025345,9.998843
10.373903,10.915107
10.206167,10.463132
10.248062,10.915107
10.437615,10.915107
10.355528,10.021315
10.034066,9.606765
10.186159,11.320565
10.173028,11.289794
10.308057,11.289794
10.404068,11.289794
10.18594,11.407576
10.331924,11.512936
10.691341,11.472114
10.901236,11.472114
10.801004,11.502885
10.5435915,11.472114
10.278775,11.082158
10.12364,11.082158
10.115532,10.71444
10.324118,11.512936
10.551118,11.225257
10.355775,11.338584
10.076736,11.338584
10.637894,11.338584
10.035632,11.472114
10.531193,11.320565
10.383255,11.407576
9.891605,10.915107
10.154923,10.768506
10.32829,11.407576
10.620201,11.156265
10.543424,11.305299
10.614582,11.350418
10.744947,11.320565
10.533733,11.264477
10.62299,11.264477
10.948187,11.264477
10.105776,11.248973
10.18739,11.156265
9.285843,11.156265
10.554903,11.156265
10.407106,11.225257
10.525531,11.184435
10.586977,11.209127
10.473938,10.819798
10.246519,11.191356
10.142748,11.082158
10.086308,11.225257
10.253181,11.082158
10.738026,11.184435
10.58176,11.184435
10.361195,11.097425
10.83442,11.050906
10.380542,11.156265
10.266319,11.156265
10.149254,10.819798
10.517206,11.082158
10.502899,11.156265
10.284576,10.915107
10.330894,11.119898
10.272696,11.002116
10.486417,11.082158
10.393423,11.082158
10.304716,10.71444
10.15085,10.819798
10.058153,10.819798
10.304716,10.71444
10.338829,11.273665
10.176918,11.248973
10.495196,11.0023
10.597838,11.050906
10.103561,11.042938
10.308886,11.002116
10.332653,11.002116
10.555325,10.959558
9.925642,11.082158
10.424204,10.959558
10.330839,11.002116
10.504894,10.8685875
10.268494,10.959558
10.357101,10.915107
10.22315,10.915107
10.216044,10.849357
10.265289,11.002116
10.160122,10.71444
10.057085,10.819798
10.144255,10.896758
10.459175,10.915107
10.250505,10.959558
10.34695,10.8685875
10.418224,10.915107
10.138783,10.59666
10.597473,10.959558
10.217531,10.819798
10.307589,10.915107
10.444832,10.915107
10.089408,10.819798
10.401912,10.959558
10.169077,10.959558
10.436099,10.8685875
10.137713,10.959558
10.064646,10.434145
10.311571,11.002116
10.274122,10.915107
10.112004,11.115443
9.877014,10.874286
10.335945,11.086456
9.9257965,10.736419
10.314028,10.819798
10.40382,10.8685875
10.491098,10.8685875
10.243023,10.819798
10.436201,10.915107
10.0558815,10.819798
10.104397,10.768506
10.475777,10.768506
10.312095,10.915107
10.555647,10.915107
10.395752,10.819798
10.295824,10.819798
10.234536,10.915107
10.161836,10.819798
10.13271,10.819798
10.52416,10.221977
10.667503,10.419331
10.168212,10.8685875
9.912671,10.819798
10.254301,10.325515
10.426049,10.827766
9.949689,10.78934
10.512467,10.680539
10.190233,10.989876
10.137379,10.609082
10.10733,10.819798
10.311057,10.71444
10.26264,10.657283
9.8557005,10.308986
10.259695,10.558439
10.488752,10.819798
10.009966,10.532123
10.457921,10.59666
10.452078,10.768506
10.386824,10.691968
10.476709,10.71444
10.204727,10.691968
9.984028,10.819798
9.841639,10.463132
9.8673115,10.463132
10.209717,10.532123
10.209364,10.71444
10.087456,10.657283
10.15079,10.799596
10.806494,10.819798
10.2732525,10.1849375
10.118116,10.1849375
9.932377,10.477316
10.554364,10.768506
10.361353,10.71444
10.142115,10.71444
10.374998,10.126671
10.608236,10.768506
9.820056,10.936975
10.0872,10.747229
10.297947,10.357775
10.351575,10.680539
10.020182,10.59666
10.345539,10.657283
10.275377,10.657283
10.106301,10.59666
10.259705,10.59666
10.005459,10.59666
10.026147,10.71444
10.268033,10.71444
10.12624,10.59666
10.21324,10.511921
10.160103,10.59666
10.321061,10.59666
10.254752,10.532123
10.364916,10.657283
10.232668,10.657283
9.971367,10.768506
10.354526,10.59666
10.146273,10.71444
10.115755,10.59666
10.395493,10.59666
9.638596,10.59666
9.1818285,10.532123
10.037591,10.71444
10.31145,10.657283
9.846031,10.633472
10.225233,10.021315
10.559151,10.532123
10.292513,10.657283
10.183614,10.657283
10.136739,10.126671
10.181028,10.7232895
10.174635,10.657283
9.937167,10.385944
10.216564,10.59666
10.402424,10.59666
10.135619,10.657283
10.305143,10.59666
10.098017,10.657283
10.42128,10.532123
9.875291,9.472781
10.249763,10.657283
10.318987,10.59666
10.054758,10.59666
10.137153,10.657283
9.695246,10.633472
10.349433,10.558439
10.1039505,10.633472
10.025631,10.633472
10.244944,10.571342
9.943406,10.80033
9.884007,10.558439
9.976511,10.518701
10.222048,10.673619
10.260723,10.778977
10.062349,10.491302
9.609332,10.621352
10.016934,10.558439
10.33774,10.657283
10.441244,10.558439
10.110083,10.735636
10.065147,10.463132
10.3133335,10.463132
10.037993,10.532123
9.996477,10.532123
10.192654,10.571342
10.404898,10.463132
10.315145,10.532123
10.401572,10.59666
10.058173,10.463132
10.146308,10.463132
10.050878,10.463132
10.144382,10.463132
10.041696,10.389026
9.853291,10.59666
10.211575,10.532123
9.915173,10.463132
10.289719,10.463132
10.687971,9.903538
10.45685,10.59666
9.991711,10.59666
10.112833,10.463132
9.982555,10.463132
10.369157,10.463132
10.0862665,10.59666
10.55205,10.532123
9.942935,10.389026
10.350319,10.463132
10.078309,10.59666
10.31944,10.505095
10.070912,10.389026
10.278957,9.903538
10.055893,9.903538
10.168869,10.532123
9.75177,10.308986
10.031553,10.59666
10.226735,10.308986
10.10817,9.903538
9.924295,10.463132
10.229617,10.463132
10.229667,10.448744
9.989365,10.505095
9.875928,10.505095
10.04879,10.545368
10.015945,10.545368
9.973059,10.545368
10.465739,10.463132
10.078341,10.477316
10.123074,10.66693
10.186226,10.419331
9.991268,10.477316
10.058159,10.491302
10.035981,10.491302
10.117167,10.488743
10.176838,10.648871
10.085434,10.648871
10.10944,10.648871
10.319979,10.648871
10.334961,10.463132
10.130775,10.434145
10.135389,10.404293
10.061705,10.338544
9.7197075,10.491302
10.163322,10.325515
10.191004,10.404293
9.910793,10.463132
10.085493,10.657283
9.54854,10.275085
10.068293,11.082158
9.999714,10.434145
10.051603,10.768506
10.037977,10.308986
10.269222,9.975855
10.10996,10.463132
9.897457,10.463132
10.097898,9.546884
10.104636,9.510519
10.45162,11.002116
10.066673,10.59666
9.978316,10.308986
9.993106,9.546884
9.907964,10.389026
9.840696,11.002116
10.024141,10.1849375
10.008888,10.463132
10.439444,10.389026
10.36755,11.289794
10.125113,11.225257
10.25584,10.021315
9.967128,9.862718
9.761374,10.71444
10.018511,10.389026
9.942705,10.389026
10.259364,10.448744
10.23238,10.463132
10.081855,10.419331
10.44252,10.389026
9.888878,10.389026
9.9604645,10.308986
9.990854,10.419331
9.675987,10.389026
10.304608,10.463132
10.048161,10.239996
10.130536,10.389026
10.147099,10.463132
10.036179,10.463132
9.8972,10.292179
10.255988,10.463132
10.182692,10.463132
10.217515,10.463132
10.000805,10.389026
10.316436,10.389026
10.303982,10.389026
10.19698,10.308986
10.3351555,10.389026
9.915949,10.292179
9.968236,10.308986
10.129341,10.308986
10.124619,10.308986
10.026156,10.389026
10.083432,10.308986
10.001525,10.434145
10.13315,10.389026
9.961112,10.389026
9.785764,10.389026
10.238447,10.389026
10.345041,10.289973
10.0845175,10.389026
10.171622,10.389026
10.324497,10.308986
10.078272,10.463132
10.174614,10.308986
9.982527,10.1849375
10.19492,10.389026
9.987904,10.463132
9.90836,10.373523
10.184515,10.275085
9.975488,10.434145
9.8040905,10.434145
10.08861,10.357775
10.131771,10.357775
10.05618,10.357775
10.123285,10.275085
9.785472,10.308986
10.193783,10.165891
9.944858,10.126671
10.061316,10.308986
9.879457,10.1849375
10.071518,10.221977
9.768645,10.221977
10.405249,10.308986
10.091026,10.221977
9.92419,10.308986
10.317493,10.308986
9.993304,10.308986
10.234707,10.275085
10.11004,10.239996
9.973038,10.318045
10.035279,10.165891
10.161749,10.1849375
10.153711,10.146473
10.385625,10.1849375
9.983046,10.239996
10.043291,10.1849375
10.127718,10.221977
10.2273035,10.239996
10.180549,10.434145
10.303819,10.2036295
10.181355,10.1849375
9.968353,10.165891
9.952299,10.165891
10.288628,10.126671
10.002729,10.146473
9.739542,10.064798
9.765345,10.2036295
10.185489,10.146473
9.921134,10.165891
10.021057,10.126671
10.181726,10.126671
10.279449,10.064798
9.822503,10.085851
10.073204,10.043293
10.134402,10.126671
10.176259,10.064798
9.877244,9.770013
9.831231,9.770013
10.161245,9.964159
10.162533,9.839003
10.295805,10.021315
10.142698,10.021315
10.066515,10.126671
10.200596,10.126671
9.962976,9.903538
10.342477,10.126671
10.039782,10.126671
10.196992,10.308986
9.750516,10.126671
10.131962,10.021315
10.150145,9.852247
10.271914,10.021315
10.380352,10.021315
10.017582,10.126671
10.206111,10.021315
9.664127,10.021315
10.031559,10.043293
9.880193,10.021315
10.128061,10.021315
9.999741,10.064798
10.131962,10.021315
10.383636,10.021315
9.716352,9.770013
9.752312,10.064798
10.084644,10.085851
9.936369,9.998843
10.240307,9.998843
9.920292,10.085851
9.76447,9.7981825
9.839048,9.7981825
10.273556,9.998843
10.258581,10.021315
9.8453865,10.043293
9.872633,9.7981825
10.174831,10.085851
9.941354,9.729194
10.011194,10.064798
9.957455,9.7981825
9.96541,10.05608
10.043829,9.975855
9.827791,9.921131
9.8998995,9.770013
10.022993,9.952325
9.8341465,9.952325
9.656038,9.952325
10.36286,10.021315
10.038828,9.998843
10.266847,9.903538
10.129749,9.878221
9.900644,9.615872
10.0205765,9.615872
9.868574,9.903538
10.008941,9.998843
9.852408,9.903538
9.863155,9.878221
10.42206,9.928229
9.836256,9.952325
9.098156,9.952325
9.992504,9.952325
9.924224,9.878221
10.193859,9.9223585
10.12264,10.06399
9.694426,9.911506
9.679785,9.903538
10.235571,9.878221
10.183141,9.770013
9.966538,10.221977
9.830615,9.903538
9.7947235,9.680407
9.994136,9.903538
9.780099,9.903538
10.241628,9.903538
9.880621,9.903538
10.14034,9.769957
10.260997,9.741028
10.009293,9.741028
9.81959,9.741028
9.941106,9.7981825
9.789499,9.7981825
10.024963,9.686637
9.714069,9.554001
10.105416,9.82558
9.758445,9.546884
10.187082,9.546884
9.689743,9.7981825
10.090992,9.7981825
10.079947,9.766694
10.224076,9.741028
9.914215,9.770013
9.958139,9.697447
9.660828,9.581973
9.699028,9.546884
9.928711,9.624303
9.957897,9.615872
9.965604,9.615872
9.717239,9.510519
9.911586,9.615872
10.253788,10.357775
9.703751,9.488048
10.03972,9.510519
9.839722,9.546884
9.652599,9.510519
9.946085,9.453365
9.73926,9.601369
10.028514,9.587612
9.830641,9.159152
10.716368,11.181766
10.024172,9.218408
9.957515,10.863317
10.068221,10.021315
10.171644,9.770013
9.891054,10.165891
10.252229,11.191356
10.150824,11.156265
9.687144,9.958023
10.327301,9.903538
9.854801,10.292179
9.9663315,10.064798
10.003067,9.7981825
9.820086,9.7981825
9.751604,9.903538
9.913946,9.903538
9.962345,9.615872
10.319553,10.463132
10.089451,9.615872
9.844652,9.903538
9.644488,9.615872
9.839265,10.126671
10.278732,10.126671
9.397678,9.210441
9.486255,9.350189
9.320194,8.9227915
8.859861,8.657129
9.163115,9.210441
9.2561865,10.59666
8.827125,9.210441
8.367744,8.9227915
9.086399,8.9227915
9.374788,9.210441
10.707148,11.156265
10.460222,11.225257
9.938182,10.268166
10.023485,10.268166
10.193007,10.275085
9.945191,9.903538
9.641447,9.998843
10.12089,10.457401
9.929892,10.389026
9.757811,10.422311
9.893074,9.903538
9.94572,10.043293
10.106262,10.021315
10.648478,10.532363
9.899629,9.966274
10.135092,10.621352
10.376916,10.876971
10.359888,10.343387
10.115756,10.06951
9.605333,9.621589
10.037219,11.156265
10.328392,10.408858
10.328392,10.603834
10.328392,10.535769
10.206133,10.383565
10.318532,10.029503
9.991585,9.492582
10.198063,10.25418
10.355833,10.59666
10.509343,10.59666
10.349661,10.59666
9.980382,11.225257
10.402852,11.461642
10.493264,10.463132
10.634628,11.512936
10.213335,10.915107
10.046089,10.71444
10.344378,11.082158
10.300563,10.71444
9.805641,9.685393
10.036082,10.8685875
10.110779,11.143614
9.832151,10.268166
9.855934,9.575053
10.070061,9.615872
9.767181,10.165891
10.024639,9.768412
10.020989,10.165891
9.778879,10.165891
9.868654,9.768412
9.978062,9.768412
10.195372,10.146473
9.68755,9.384714
9.958146,10.106469
9.946946,9.768412
9.970917,10.657283
10.151003,10.167811
10.045687,10.221977
9.656946,10.504547
10.053708,10.085851
9.77844,9.554143
10.055803,10.1849375
9.695782,9.554143
10.063871,10.234265
9.688128,10.504547
10.115716,10.146473
10.115716,10.239996
10.368046,10.738156
9.946918,10.308986
10.367103,10.892303
10.387109,10.332702
10.425551,10.837245
9.8771925,10.085851
10.404036,10.818197
10.023307,10.308986
10.377056,11.115443
10.403573,10.855937
10.254356,10.657283
9.869063,10.621352
9.793173,10.1849375
10.328932,10.651147
9.968613,10.778977
10.018429,10.778977
9.934678,10.126671
10.406658,10.727685
10.302454,11.264477
9.610061,9.975855
10.609519,11.042938
9.537718,10.126671
9.59869,10.126671
9.950792,9.680407
10.394793,10.633472
10.42345,10.657283
10.368557,10.404293
9.84162,10.308986
10.29594,10.389026
9.806829,9.852247
10.314356,10.819798
10.179752,10.819798
10.221299,10.357775
10.229094,10.819798
10.030495,10.126671
10.606327,10.71444
10.026095,10.064798
10.238339,10.308986
10.391784,10.532363
10.600256,10.532363
10.021642,10.71444
9.905517,10.389026
10.003093,10.389026
10.0512295,10.59666
9.963478,11.002116
10.246827,10.71444
10.054988,10.959558
10.397909,11.289794
10.075044,10.633472
9.814676,10.221977
10.114177,10.555839
9.903232,10.491302
10.083936,10.558439
9.8377495,10.239996
10.0029545,10.609082
10.0078945,9.711176
10.202187,10.275085
10.080992,10.341775
9.814169,9.711176
9.717791,10.2036295
10.09981,10.221977
10.086073,10.463132
9.966012,9.741028
9.9922,10.747229
10.220961,10.768506
10.278961,10.915107
10.026529,10.959558
10.06285,11.042938
10.095023,10.308986
10.0433,11.082158
10.104218,10.126671
9.843368,10.59666
10.010313,10.1849375
9.905994,10.78934
10.070456,10.085851
10.437709,10.896758
10.434375,10.736419
10.377579,10.524091
10.124316,10.545368
10.193108,10.463132
10.455672,10.357775
10.155533,11.119898
10.114882,11.082158
10.13942,10.819798
10.026614,10.1849375
10.216574,10.71444
10.168685,10.463132
10.35866,10.757924
9.707524,10.043293
9.974013,10.657283
9.922458,10.085851
9.946364,9.975855
10.326281,10.657283
10.149551,10.59666
9.997558,9.975855
10.025602,9.495594
10.027426,9.746892
10.102493,10.532123
9.830025,10.126671
9.997646,10.239996
10.134413,10.571342
10.008265,9.7981825
10.008265,9.581973
10.218023,10.657283
10.246589,11.350418
10.274881,11.289794
10.261328,10.432379
10.235432,10.463132
10.512732,11.082158
10.626364,8.818926
10.035647,10.066923
10.285924,10.348206
9.933049,10.348206
10.197446,9.903538
10.28419,10.537442
8.959095,9.903538
10.341656,10.537442
9.869462,9.680407
10.339188,10.463132
9.837732,9.615872
9.906961,9.472781
10.548836,10.537442
10.278397,10.537442
10.213501,10.463132
10.10181,10.308986
10.418693,9.431963
9.986872,10.126671
9.55599,9.7981825
9.95546,9.903538
9.8537445,10.308986
10.004635,10.239996
10.140984,10.71444
10.122307,10.2036295
9.844957,10.2036295
10.542096,11.066654
10.342133,10.537442
10.178903,10.59666
9.797359,9.7981825
10.302893,10.537442
10.242195,10.165891
9.95192,10.819798
9.956845,10.545368
9.893439,10.71444
10.1601095,10.59666
9.924968,10.463132
10.083309,10.389026
10.028788,9.952325
10.194167,10.157859
10.310151,10.819798
10.087524,10.545368
10.10145,11.350418
10.361155,9.903538
10.258092,10.463132
9.204153,9.770013
8.610371,9.546884
9.799353,9.679907
9.944649,10.915107
9.871939,11.350418
10.248706,10.571342
10.484211,10.915107
10.07853,10.59666
10.14765,10.336957
9.482465,9.730978
10.299038,10.915107
10.365092,10.537442
9.978786,10.5355835
10.057798,10.308986
10.215136,11.002116
10.140099,11.082158
10.099165,11.225257
10.215819,11.350418
10.259185,11.350418
10.066965,9.998843
9.9291115,9.809232
10.3448925,10.537442
10.278757,10.463132
10.184426,10.502352
10.008336,10.308986
9.865056,10.126671
9.941332,10.545368
10.043016,10.545368
9.807009,10.545368
10.193735,10.502352
10.25878,10.537442
9.522393,10.126671
9.807661,9.852247
9.57449,10.126671
10.084894,10.59666
9.950594,10.59666
10.319563,10.502352
10.045442,10.571342
10.196211,10.502352
9.898156,10.448744
10.545417,10.571342
9.523161,9.838202
9.6567135,9.741028
9.457043,9.998843
10.255722,10.308986
10.574989,10.915107
10.019666,10.308986
9.55768,9.852247
10.381405,11.476894
10.0624275,10.308986
10.094357,10.463132
9.918067,10.59666
10.1533785,10.502352
10.0379505,10.571342
10.196211,10.502352
9.855305,9.729194
9.61253,9.729194
9.8227005,9.729194
10.615959,11.289794
9.632067,11.289794
10.155018,11.289794
10.5987015,11.289794
9.998564,11.289794
10.43304,11.918397
10.534896,11.097425
10.512932,11.461642
10.339189,11.608245
10.384644,11.289794
10.003219,11.258046
10.355562,11.4876175
10.3994055,11.472114
10.325089,11.413116
10.2297125,11.496806
10.383732,11.407576
10.195842,11.407576
10.504425,11.407576
10.422547,11.350418
10.337984,11.407576
10.095655,11.434975
10.448037,11.156265
9.379591,10.959558
10.511345,11.156265
9.813192,11.156265
10.355628,11.446796
10.58358,11.407576
10.759729,11.420821
10.670999,11.407576
10.90545,11.407576
10.448424,11.440366
10.484423,11.407576
10.39605,11.472114
10.732973,11.407576
10.420931,11.338584
10.290984,11.407576
10.739681,11.350418
10.375971,11.407576
9.734518,11.352769
10.353191,11.289794
10.405262,11.373675
10.470367,11.289794
10.447173,11.407576
10.337593,11.407576
10.046685,11.320565
10.699505,11.320565
10.606828,11.350418
10.244595,10.71444
10.204964,10.1849375
10.285263,11.225257
10.258966,11.138247
10.554006,11.305299
10.677248,11.366755
10.481707,11.258046
10.338221,11.258046
10.369485,11.191356
10.729126,11.258046
10.464126,11.119898
10.551138,11.258046
10.348305,11.366755
10.533785,11.264477
10.4535265,11.264477
10.600038,11.264477
11.036791,11.338584
10.267848,11.338584
9.831736,11.184435
10.975242,11.184435
10.953149,11.184435
10.597622,11.338584
10.000062,11.472114
10.751926,11.256755
10.637769,11.082158
10.488594,11.289794
10.48107,11.191356
10.451371,11.156265
10.317,11.082158
10.307625,11.156265
10.613502,11.225257
10.549238,11.156265
10.54332,11.156265
10.133557,11.225257
10.438765,11.156265
10.525642,11.225257
10.503154,11.289794
10.2055435,11.156265
10.430767,11.082158
10.201779,11.289794
10.119498,11.258046
10.31703,11.225257
10.195896,11.225257
10.408419,10.915107
10.520053,11.217225
10.72172,11.233225
10.379189,11.200964
10.850901,11.184435
10.71686,11.225257
10.472935,11.225257
10.065615,11.097425
10.336198,11.366755
8.846718,11.366755
8.846718,11.366755
10.380373,11.248973
9.915192,10.959558
10.088938,10.915107
10.451094,11.156265
10.656177,11.082158
10.420376,11.225257
10.026651,11.156265
10.332885,11.156265
10.682029,10.71444
10.604949,11.156265
10.505133,11.156265
10.164475,11.156265
10.394236,11.119898
10.306217,10.959558
10.3039255,10.959558
10.484669,11.082158
10.390951,11.225257
10.523245,11.021919
10.580057,11.1346035
11.113047,11.141876
10.184626,11.184435
10.826625,11.184435
10.3937645,11.002116
10.563883,11.156265
10.049976,10.915107
10.621349,11.156265
10.3208275,11.119898
10.162042,11.082158
10.208058,10.959558
10.250925,11.156265
10.244768,11.082158
10.659295,11.082158
10.556614,11.082158
10.036825,11.002116
10.477154,11.119898
10.215021,11.002116
10.450737,11.042938
10.611515,11.042938
10.128859,11.082158
10.316921,11.002116
10.333685,11.002116
10.336487,11.002116
10.772825,11.002116
10.070385,11.156265
9.891239,11.082158
10.162146,11.156265
10.153346,11.082158
10.559438,11.119898
10.586618,11.119898
10.491319,10.8685875
10.682653,11.184435
10.514013,10.961295
9.96769,11.248973
10.021765,11.248973
10.081532,11.184435
10.076984,11.248973
10.080431,11.248973
10.299198,11.115443
9.99904,11.248973
10.727957,11.031674
10.376077,11.088293
10.828863,11.082158
10.366032,10.959558
9.995869,10.915107
10.372975,10.959558
10.399834,11.082158
10.236534,11.042938
10.188204,11.082158
10.218983,11.042938
10.580118,11.082158
10.684197,10.959558
10.200699,11.082158
10.453033,11.082158
10.4489975,10.8685875
10.373631,10.959558
10.294703,11.082158
10.378618,11.042938
10.420542,10.389026
10.154484,11.002116
10.227416,10.8685875
10.15112,11.002116
10.176897,10.915107
10.16836,10.915107
10.2556305,10.915107
10.346798,11.002116
10.201666,11.002116
10.40875,11.082158
10.649719,11.079077
10.696901,10.896758
10.625904,11.079077
10.539356,10.959558
10.215038,10.959558
10.4988575,10.937579
10.261666,10.574542
10.816961,10.946428
10.199831,10.817797
10.212082,10.915107
10.25177,10.915107
9.974258,11.002116
10.4355755,10.959558
10.179441,10.915107
10.0457325,11.002116
10.116835,10.915107
10.274826,10.819798
10.34197,10.959558
10.372184,10.8685875
10.093311,10.915107
10.1216755,10.915107
10.093172,10.8685875
10.11709,10.8685875
10.309366,10.8685875
8.733215,10.819798
10.396074,10.308986
10.636493,10.896758
10.355351,10.691968
10.516446,10.71444
10.287861,10.959558
10.157611,11.002116
10.468629,11.002116
10.357332,10.915107
10.046085,10.915107
10.146362,10.959558
10.257685,10.915107
10.079868,10.915107
10.35523,10.8685875
10.295156,10.819798
10.581358,10.915107
10.573983,10.915107
10.197436,10.819798
9.945368,10.915107
10.1351185,10.308986
10.431149,10.915107
10.203208,10.959558
10.40831,10.959558
10.292264,10.915107
9.84338,11.002116
10.310482,10.915107
9.993752,10.8685875
10.382668,10.915107
10.0909,10.819798
9.90331,10.819798
10.1943245,10.915107
10.456263,11.002116
10.14711,10.819798
10.127724,10.915107
10.344204,11.002116
10.325949,10.915107
10.373803,11.002116
9.994911,10.968216
10.520277,10.8685875
10.381384,10.915107
10.374084,10.819798
10.516118,11.041337
10.270216,11.010084
10.296065,10.961295
10.241177,10.961295
10.221986,11.093782
10.12632,11.115443
10.371212,10.924156
10.081196,10.849357
10.468908,10.918736
10.161638,10.887456
10.307778,10.950824
10.196323,10.839601
10.449228,10.839601
10.304249,10.839601
10.557154,10.839601
10.2958555,10.78934
10.162333,10.878066
10.2081,10.944489
10.257397,10.851296
10.177168,10.71444
10.509165,10.819798
10.007644,10.819798
9.920368,10.768506
10.073355,10.915107
10.248175,10.819798
10.018206,10.819798
10.205927,10.8685875
10.156477,10.768506
10.339605,10.819798
10.080559,10.819798
10.356092,10.71444
10.25979,10.915107
10.101516,10.768506
9.317305,10.819798
10.377559,10.819798
10.778244,10.768506
10.505375,10.819798
10.366766,10.8685875
10.422903,10.789319
10.239471,10.915107
10.033651,10.915107
10.218069,10.8685875
10.51538,10.915107
10.0751095,10.915107
10.183827,10.819798
10.23501,10.8685875
10.093882,10.768506
10.04991,10.819798
10.067753,10.8685875
10.487543,10.819798
9.864704,10.915107
10.378894,10.768506
10.537138,10.819798
10.603011,10.71444
10.1436,10.768506
10.152137,10.819798
10.19948,10.809748
10.582981,10.839601
10.399331,10.896758
10.540466,10.896758
10.226835,11.025832
10.694986,10.878066
10.474224,10.827766
10.341097,10.874286
9.654521,10.736419
10.199614,10.819798
10.486026,10.719848
10.518944,10.719848
10.440475,10.892303
10.24031,10.874286
10.228214,10.855937
10.099604,10.874286
10.410896,10.874286
9.23382,10.532123
10.470455,10.71444
10.385861,10.657283
10.344291,10.768506
10.105985,10.768506
10.223083,10.59666
10.459763,10.463132
10.475602,10.463132
10.319035,10.71444
10.058744,10.768506
10.348677,10.71444
10.381386,10.71444
10.212517,10.819798
10.160593,10.71444
9.785486,10.819798
10.369127,10.768506
10.656668,10.71444
10.306477,10.657283
10.177702,10.819798
10.147765,10.71444
10.550793,10.768506
10.174954,10.59666
10.058545,10.819798
10.24238,10.691968
10.101952,10.71444
10.002899,10.71444
10.108311,10.819798
10.39767,10.71444
10.369628,10.819798
10.221697,10.59666
10.226141,10.819798
10.270644,10.819798
9.829088,10.819798
10.152031,10.819798
9.703807,10.819798
10.296344,10.768506
10.699065,10.71444
10.084366,10.768506
10.131789,10.799596
10.210922,10.819798
9.885334,10.768506
9.989672,10.71444
10.176357,10.532123
10.09515,10.59666
10.04374,10.657283
10.220199,10.768506
10.310295,10.768506
10.1111965,10.657283
10.227644,10.71444
10.362434,10.71444
10.326267,10.657283
10.232298,10.71444
10.18806,10.404293
10.147688,10.736419
10.393871,10.819798
10.472292,10.768506
9.944532,10.463132
9.944532,10.463132
10.286689,10.768506
9.767081,10.71444
10.3177805,10.819798
10.54594,10.768506
10.313123,10.819798
10.319001,10.768506
10.286125,10.768506
10.164093,10.71444
10.201623,10.768506
10.054184,10.657283
10.209515,10.71444
10.24456,10.768506
10.485844,10.768506
10.424846,10.819798
10.281643,10.71444
10.251303,10.71444
10.663185,10.768506
10.264009,10.71444
10.089972,10.71444
10.276319,10.819798
10.209774,10.768506
10.278278,10.819798
10.631522,10.768506
10.326372,10.768506
10.14147,10.768506
10.313597,10.768506
9.935904,10.819798
10.340094,10.71444
10.109678,10.799596
10.163639,10.757924
10.264767,10.708869
10.2564335,10.927394
10.307381,10.927394
10.425947,10.645449
9.983003,10.645449
10.00763,10.778977
10.905773,10.491302
10.033679,10.778977
10.401112,10.727685
9.885254,10.736419
10.114806,10.778977
10.46619,10.778977
10.319728,10.7987795
10.360252,10.741838
9.95252,10.680539
10.17428,10.621352
10.365969,10.736419
9.963788,10.571342
10.235018,10.609082
10.242971,10.517348
10.076406,10.517348
10.7926655,10.668979
10.058971,10.706095
10.329239,10.532123
10.16529,10.609082
10.384388,10.59666
10.131249,10.532123
10.238476,10.59666
10.157305,10.59666
10.182287,10.532123
10.377193,10.532123
10.278202,10.532123
10.162525,10.463132
10.217602,10.532123
10.407586,10.71444
10.261446,10.657283
10.2732,10.71444
10.111567,10.657283
10.092374,10.657283
10.042756,9.975855
10.227976,10.404293
9.163611,10.71444
10.067514,10.657283
9.978369,9.852247
9.812887,10.657283
10.219013,10.609082
10.314428,10.657283
10.187527,10.71444
10.311671,10.59666
10.024958,10.633472
10.23183,10.59666
10.551303,10.657283
10.117246,10.59666
10.521211,10.633472
10.31967,10.71444
10.192693,10.532123
10.098371,10.59666
10.298712,10.532123
10.503436,10.59666
10.087707,10.532123
10.280111,10.657283
10.240621,10.657283
10.069123,10.59666
10.13083,10.657283
10.3079405,10.59666
10.131064,10.657283
10.256567,10.657283
10.213129,10.59666
9.957272,10.657283
10.04734,10.71444
9.045844,10.657283
10.093456,10.657283
10.23827,10.59666
10.321678,10.71444
10.271112,10.59666
10.076972,10.657283
10.1145115,10.71444
10.126785,10.657283
10.2494335,10.657283
10.453213,10.71444
10.356215,10.59666
10.361023,10.59666
10.223465,10.657283
10.133115,10.71444
10.116722,10.657283
10.044751,10.657283
10.18598,10.657283
9.923847,10.532123
10.097537,10.59666
10.097449,10.657283
10.060472,10.657283
10.421368,10.59666
10.569176,10.657283
10.217436,10.657283
10.181404,10.657283
9.977695,10.657283
10.170132,10.71444
10.186601,10.657283
10.268443,10.71444
9.802943,10.657283
10.422408,10.71444
10.220537,10.357775
10.166473,10.657283
10.368089,10.657283
10.459038,10.021315
10.022718,10.633472
10.176895,10.657283
10.39757,10.59666
10.341837,10.71444
9.924297,10.657283
10.20759,10.59666
10.202604,10.657283
10.20198,10.59666
9.9469595,10.59666
10.344778,10.658505
10.30221,10.699417
10.20293,10.633472
10.194803,10.645449
10.5417,10.691968
10.220432,10.758775
10.272689,10.778977
10.379459,10.778977
10.405643,10.778977
10.442246,10.758775
10.173742,10.778977
10.295172,10.738156
9.958491,10.555839
10.353649,10.778977
10.401565,10.778977
10.999,10.673619
10.229773,10.609082
10.323085,10.505095
10.168568,10.59666
10.335129,10.633472
10.217787,10.609082
10.197667,10.786531
10.254686,10.758775
10.290778,10.758775
10.030239,10.717103
10.128493,10.695598
9.347937,10.695598
10.06896,10.609082
10.030471,10.717103
10.151655,10.463132
10.489684,10.571342
9.926641,10.491302
10.24605,10.645449
10.312525,10.738156
9.204632,10.758775
10.223412,10.695598
10.269082,10.717103
10.063463,10.717103
10.016415,10.59666
10.087808,10.5836
10.073875,10.609082
10.138911,10.477316
10.222912,10.584082
10.440195,10.621352
10.60047,10.616462
9.923731,10.730204
10.082777,10.532123
10.3158045,10.532123
10.149633,10.59666
10.236807,9.903538
10.304547,10.463132
10.191421,10.463132
9.968346,10.59666
10.114002,10.59666
10.073555,10.463132
10.109931,10.463132
10.028921,10.532123
9.856766,10.532123
10.284201,10.59666
10.155205,10.59666
9.902945,10.275085
10.3569565,10.532123
10.063799,10.59666
9.954907,10.463132
10.261047,10.463132
10.168915,10.532123
10.10947,10.558439
10.573419,10.532123
10.262757,10.532123
10.302003,10.463132
10.18754,10.532123
10.168543,10.463132
10.458992,10.064798
10.040857,9.903538
10.137439,9.903538
10.238766,10.463132
10.209915,10.419331
10.008552,10.59666
10.272267,10.463132
9.8037815,10.59666
10.288704,10.532123
10.220565,10.463132
10.245249,10.59666
10.077305,10.463132
10.007759,10.434145
10.01226,10.463132
10.220367,10.463132
10.189608,10.389026
10.359249,10.463132
10.145963,10.49269
9.924635,10.389026
10.228487,10.59666
10.216568,10.532123
10.10854,10.463132
9.957578,10.532123
10.297466,10.532123
10.178017,10.463132
10.2044525,10.532123
10.266018,10.532123
10.153769,10.59666
10.176325,10.389026
10.109647,10.389026
10.090519,10.59666
10.381721,10.532123
10.217344,10.532123
10.146283,10.463132
9.42534,10.463132
10.425264,10.59666
9.961578,10.59666
10.1426,10.532123
10.286308,10.463132
9.957684,10.59666
10.197962,10.463132
10.012421,10.463132
10.341465,10.308986
10.110691,10.532123
10.15333,10.463132
10.001572,10.59666
10.079334,10.463132
10.152847,10.532123
10.136536,10.463132
10.094941,10.59666
9.829025,10.308986
10.222477,10.463132
10.173913,10.463132
10.360181,10.59666
10.208437,10.463132
9.668785,10.463132
10.055355,10.558439
10.016497,10.463132
10.098059,10.434145
10.089262,10.532123
10.148737,10.463132
10.000626,10.532123
9.442259,10.463132
10.221537,10.59666
10.256946,10.463132
10.106207,10.532123
10.282683,10.463132
10.197121,10.571342
10.164951,10.463132
9.754467,10.532123
10.175819,10.532123
10.28496,10.558439
10.435256,10.518701
10.283878,10.571342
10.127476,10.532123
10.088274,10.695598
10.173615,10.695598
9.477775,10.628158
9.891419,10.385944
10.10596,10.555839
10.532146,10.55391
10.160883,10.477316
10.031881,10.491302
10.205154,10.477316
10.13451,10.434145
10.148629,9.852247
10.055524,9.8705
10.493803,10.463132
10.311531,10.505095
10.35379,10.545368
10.409173,10.404293
10.061943,10.404293
10.653454,10.505095
10.184872,10.545368
10.612202,10.434145
10.164243,10.545368
10.262885,10.545368
10.065251,10.566201
10.589612,10.524091
10.412802,10.518701
10.243593,10.477316
10.202669,10.419331
9.772125,10.463132
9.723412,10.518701
10.211449,10.491302
10.302602,10.463132
10.107363,10.448744
10.098875,10.518701
10.0887985,10.518701
10.278089,10.621352
10.061312,10.498222
10.175769,10.491302
9.942344,10.419331
9.93754,10.518701
10.24905,10.491302
10.09218,10.325515
10.03817,10.257694
10.07757,10.419331
9.832053,10.419331
10.214853,10.651147
9.515455,10.391331
10.101864,10.491302
10.371947,10.41184
10.197254,10.385944
10.293741,10.422311
9.783422,10.477316
10.213685,10.419331
9.956455,10.308986
10.642462,10.422311
9.80747,10.448744
10.080777,10.404293
10.103012,10.488604
10.26837,10.487573
10.327097,10.504547
10.408005,10.604628
9.805147,10.580531
9.912804,10.389026
9.260728,10.463132
9.968345,10.389026
9.833744,10.357775
10.028888,10.389026
10.203475,10.341775
10.2467575,10.341775
9.712854,10.463132
9.956407,10.389026
9.912117,10.463132
10.172785,10.389026
9.785817,10.419331
9.999041,10.1849375
10.50477,10.389026
10.156838,10.357775
10.234569,10.434145
10.308784,10.389026
10.197842,10.419331
9.828545,10.308986
9.911017,10.389026
10.217232,10.389026
10.282223,10.389026
10.245344,10.389026
9.808304,10.239996
10.085388,10.434145
10.025347,10.308986
9.955816,10.308986
10.065297,10.308986
10.125083,10.308986
10.26858,10.36568
10.100504,10.463132
9.989945,10.308986
10.529964,10.308986
10.159281,9.770013
10.426649,10.308986
10.630058,10.463132
10.21585,10.463132
10.017546,10.308986
10.079877,10.308986
10.190341,10.389026
10.158537,10.221977
10.2568,10.389026
9.917913,10.357775
10.280995,10.419331
10.016812,10.308986
9.982391,10.463132
10.263921,10.341775
10.283121,10.308986
9.8835335,10.389026
10.323496,10.463132
9.887899,10.308986
10.241461,10.463132
10.33472,10.389026
9.995865,10.419331
10.435595,10.357775
9.745712,10.15448
10.125849,10.389026
10.209198,10.463132
10.27256,10.389026
9.733446,10.357775
10.222663,10.389026
9.895463,10.419331
10.19892,10.463132
10.091005,10.463132
10.296544,10.308986
9.7506485,10.419331
10.29487,10.463132
10.383041,10.389026
10.368465,10.463132
10.019903,10.463132
9.979851,10.389026
10.03672,10.308986
10.203123,10.463132
10.383873,10.463132
10.205023,10.389026
9.716703,10.389026
10.087814,10.308986
10.159583,10.463132
10.25526,10.463132
10.202017,10.389026
10.280851,10.450684
10.166871,10.342999
10.140186,10.325515
8.314702,10.341775
9.958781,10.357775
10.168018,10.373523
10.598172,10.434145
10.124388,10.373523
9.868761,10.434145
10.076772,10.434145
10.288324,10.341775
9.798314,10.106469
10.12512,10.373523
9.933219,10.341775
10.019119,10.434145
9.985896,10.434145
10.359652,10.346505
10.7491665,10.422311
9.724474,10.422311
10.169346,10.275085
10.228184,10.357775
9.644656,10.357775
10.088284,10.357775
10.226518,10.357775
10.317844,10.404293
10.1028595,10.275085
10.316548,10.341775
9.987319,10.308986
10.2318325,10.373523
10.133169,10.389026
10.289665,10.341775
9.876606,10.257694
10.118551,10.373523
10.383743,10.221977
10.089336,10.308986
10.215017,10.292179
10.353505,10.257694
10.009916,10.341775
9.986633,10.292179
9.612193,10.292179
9.869657,10.275085
10.227995,10.287287
10.518002,10.267158
9.886478,10.268166
10.679324,10.308986
10.124443,10.134639
10.149748,10.292179
9.454308,10.275085
10.016951,10.341775
10.069218,10.341775
10.070679,10.341775
9.969248,10.308986
9.946216,10.292179
10.293671,10.292179
10.246841,10.300618
10.344528,10.292179
9.824369,10.275085
9.953278,10.422311
9.697691,10.450481
10.147837,10.313973
10.088385,10.126671
10.053148,10.043293
10.16917,10.221977
9.894642,10.308986
9.999012,10.275085
10.030234,10.308986
10.201458,10.308986
10.182656,10.257694
10.14592,10.257694
9.91786,10.275085
10.260431,10.308986
10.325573,10.308986
9.961093,10.126671
9.93676,10.221977
10.302873,10.2036295
10.164392,10.221977
10.0919075,10.106469
10.273874,10.2036295
10.183172,10.308986
10.200074,10.248884
9.91986,10.275085
10.0858345,10.257694
10.171986,10.221977
10.418767,10.221977
10.165928,10.126671
10.196138,10.308986
10.177672,10.126671
9.760876,10.308986
10.126118,10.275085
10.402712,10.275085
10.196279,10.239996
9.844103,10.308986
9.673874,10.257694
10.2200985,10.221977
10.027904,9.615872
9.862738,10.221977
9.981844,10.1849375
10.026245,10.308986
10.280983,10.221977
10.111284,10.292179
10.092775,10.126671
10.145836,10.126671
10.185682,10.126671
9.99782,10.308986
9.887695,10.292179
10.03561,10.221977
10.135486,10.221977
9.987301,10.221977
9.997368,10.308986
10.18782,10.221977
9.952,10.221977
9.593349,10.021315
10.000872,10.021315
9.818155,10.021315
9.913366,10.126671
10.299885,10.308986
9.829838,10.308986
10.129905,10.221977
10.282232,10.221977
10.277325,10.308986
9.83878,9.999752
10.205246,10.275085
10.1481905,10.126671
10.04483,10.308986
10.140033,10.257694
10.001873,10.308986
10.138678,10.126671
10.455851,10.126671
9.704098,10.221977
9.898501,10.2036295
10.052713,10.221977
10.199319,10.308986
10.0004425,10.308986
9.957311,10.308986
10.240976,10.221977
9.975786,10.275085
10.080926,10.221977
10.063379,10.221977
9.951149,10.126671
10.099065,10.308986
10.062526,10.308986
10.04839,10.165891
10.305122,10.308986
10.113037,10.126671
10.152208,10.221977
10.1071615,10.126671
9.822095,10.275085
10.186813,10.275085
9.70849,10.308986
10.001873,10.308986
10.001873,10.308986
10.349547,10.126671
10.29077,10.232647
10.081518,10.251959
10.363136,10.239996
10.076975,10.275085
9.440355,10.275085
9.927206,10.292179
10.03113,10.2036295
10.157253,10.2036295
10.062729,10.275085
10.219208,10.268166
10.217961,10.085851
10.413425,10.181157
9.566236,10.181157
10.235637,10.239996
10.345002,10.221977
10.241327,10.239996
10.005379,9.987415
9.603644,10.2036295
10.032547,10.106469
9.933971,10.126671
10.259201,10.126671
9.972358,10.239996
9.87816,10.239996
9.043577,10.239996
10.067121,10.1849375
9.996533,10.126671
10.082418,10.1849375
10.0561905,10.126671
10.026682,10.156229
10.105477,10.2036295
10.518945,10.1849375
9.935093,9.987415
10.059544,10.1849375
10.342258,10.1849375
10.240673,10.085851
9.943838,10.146473
10.153198,10.126671
10.206015,10.2036295
10.070265,10.165891
10.142572,10.165891
9.680677,10.2036295
10.23788,10.1849375
10.189013,10.2036295
10.234415,10.1849375
10.193853,10.221977
10.260366,10.1849375
9.89831,10.2036295
10.006407,10.239996
10.129751,10.165891
10.153208,10.239996
9.87264,10.1849375
9.877239,10.1849375
9.7392,10.175459
9.971397,10.2036295
9.946825,10.434145
10.206626,10.165891
10.201113,10.176601
9.850788,10.10238
9.8658695,10.085851
10.070651,10.077441
10.501209,10.182822
10.013962,10.165891
10.302752,10.1849375
10.217055,10.10553
9.866671,10.2036295
9.810486,10.2036295
10.0771885,10.2036295
10.0185375,10.165891
9.737823,10.165891
10.217575,10.2036295
10.05105,10.165891
10.116661,10.2036295
9.923694,10.126671
10.1192,10.2036295
9.901215,10.106469
10.118606,10.126671
9.831108,10.146473
10.0114,10.165891
10.004997,10.156229
9.788603,10.106469
9.956631,10.165891
10.173793,10.221977
8.403053,10.2036295
8.990838,10.332702
10.055125,10.045031
9.998901,10.193991
9.837406,10.042206
10.476664,10.134639
10.048288,10.174964
10.225689,10.172025
10.225689,10.172025
9.802838,9.98539
10.205696,10.146473
10.028785,10.165891
9.7629,10.142544
10.4164295,10.165583
9.979407,10.106469
10.052599,10.165891
10.104865,10.126671
10.105183,10.126671
10.178944,10.019091
10.200701,10.126671
10.369541,10.043293
10.035025,10.146473
10.312218,10.165891
9.762741,10.043293
10.044711,10.085851
10.008888,9.987415
10.329947,10.126671
10.079723,10.106469
10.201126,10.165891
9.900133,10.126671
10.136709,10.146473
9.646269,10.069044
10.506497,10.126671
10.045468,10.043293
9.816612,10.146473
10.045678,10.165891
10.085314,10.021315
9.956404,10.165891
10.148307,9.987415
10.110758,10.085851
10.098936,10.137888
10.056637,10.153195
9.634249,10.145374
9.818569,10.268166
10.811972,10.134639
10.205881,10.126671
10.249101,10.146473
9.779246,10.064798
9.825416,10.021315
9.997932,10.021315
9.798416,10.064798
9.994778,10.126671
10.166091,10.085851
10.263425,10.021315
10.3972,10.021315
10.08429,10.308986
10.108112,10.021315
9.744907,10.043293
9.959356,10.064798
10.205204,10.126671
10.269615,9.581973
10.126503,10.126671
9.625055,9.878221
10.065882,10.126671
9.826328,10.021315
10.118377,9.952325
9.852908,10.126671
9.668337,10.021315
9.957041,9.852247
9.747406,10.126671
9.963856,10.021315
10.159134,10.126671
10.126535,10.221977
9.90361,10.021315
10.188953,10.085851
10.044691,10.085851
9.681469,10.126671
10.40012,10.126671
9.973375,10.021315
9.861395,10.064798
10.387196,10.064798
9.73206,10.106469
9.997735,9.839003
9.976864,9.839003
10.203458,10.126671
9.731727,9.975855
10.332308,10.126671
9.9406185,9.975855
10.025911,10.021315
9.797043,10.021315
10.051762,10.064798
9.684465,10.021315
9.874216,9.975855
10.282824,9.903538
10.23193,10.064798
10.042686,10.021315
10.2818,10.126671
9.626585,10.126671
10.016,9.975855
10.206398,10.126671
10.160446,10.021315
9.923916,10.221977
10.336624,9.975855
9.844298,10.021315
9.87774,10.126671
9.746237,9.433564
9.908327,10.126671
10.378747,10.085851
9.016389,10.021315
9.736802,10.021315
9.868898,10.085851
9.902433,9.975855
10.122757,10.106469
9.884279,10.043293
9.973397,9.903538
10.246067,9.852247
9.981007,10.043293
9.97637,10.126671
10.048412,10.126671
9.649268,10.021315
9.96417,10.059679
10.284853,10.112451
9.860018,10.216874
10.072025,9.392745
9.825922,10.085851
10.063904,10.043293
10.44368,10.043293
9.867398,10.043293
10.004168,10.085851
10.105482,10.043293
10.037715,10.085851
10.009913,10.085851
9.849028,9.952325
9.950073,10.085851
9.974783,9.94035
10.066316,9.94035
10.266094,10.043293
9.937178,10.021315
9.543856,10.010142
9.677982,9.998843
10.097076,10.043293
10.075129,10.043293
10.265858,10.085851
9.847998,9.998843
10.30364,9.998843
9.714108,9.998843
10.1679325,10.043293
10.125201,9.9804945
10.101273,10.085851
10.2655525,9.952325
9.490795,10.110542
9.901504,10.085851
9.9282875,10.043293
9.976619,10.043293
10.088827,10.064798
10.010784,9.998843
10.545109,10.096213
9.915299,9.952325
9.980876,10.085851
9.545982,10.085851
9.819403,10.043293
9.904628,9.952325
10.084099,10.043293
10.022715,9.998843
10.106894,9.998843
10.1658745,10.085851
10.079019,10.085226
10.201103,9.993145
10.153511,10.041727
9.770781,10.041727
9.671529,10.199175
10.022409,10.000115
10.027193,9.928229
9.834884,9.975855
9.949657,9.903538
9.921017,10.043293
10.242811,10.043293
9.744363,9.928229
10.904575,9.998843
9.984062,9.975855
9.962456,9.975855
10.342928,10.021315
10.085947,10.043293
9.969535,10.043293
9.947611,10.043293
9.906539,10.043293
9.956988,10.043293
9.769204,9.928229
10.052285,9.903538
10.022177,9.975855
9.724236,10.043293
10.082758,9.928229
10.180502,9.961803
10.057793,9.998843
9.829047,9.928229
9.925737,9.952325
9.869496,9.94035
9.723959,9.975855
10.160098,9.998843
9.749908,9.9804945
10.163341,10.162808
9.755825,10.105653
9.981916,9.915959
10.088883,9.952325
10.072948,9.903538
9.896589,9.903538
9.744755,9.903538
9.964523,9.998843
10.0115185,9.998843
9.485908,9.952325
10.191157,9.952325
9.612188,9.928229
9.899498,9.952325
10.120893,9.903538
9.949907,9.952325
9.794668,9.878221
10.138592,9.952325
9.924591,9.998843
9.974059,9.975855
9.769099,9.903538
9.777057,9.952325
10.2386265,9.928229
10.191782,9.998843
9.902312,9.903538
10.165504,9.998843
9.83726,9.903538
9.911341,9.928229
9.949849,9.89096
9.972301,9.89096
10.299514,10.064798
10.094824,9.928229
9.919919,9.770013
9.842178,9.770013
10.039948,9.988609
9.988656,9.988609
10.368184,9.998843
9.910557,9.952325
10.068449,9.952325
9.858579,9.975855
10.187685,9.998843
9.794234,9.903538
9.841038,9.82558
8.797025,9.903538
9.869538,9.903538
9.755054,9.998843
10.04431,9.998843
9.57969,9.952325
9.637321,10.12507
10.298045,10.002473
9.865207,9.9804945
9.865614,9.9804945
9.8664875,9.9804945
9.865614,9.9804945
9.881249,9.9804945
9.865614,9.9804945
9.881249,9.9804945
9.914592,9.952325
9.79214,9.851615
10.2441225,9.845911
10.137808,9.927838
10.090344,9.903538
9.620481,9.852247
9.396782,9.770013
10.008494,9.852247
9.26877,10.085851
9.664228,9.852247
9.991991,9.878221
9.955947,9.852247
9.905381,9.903538
9.974783,9.878221
9.843156,9.852247
10.171098,9.865318
10.171098,9.865318
10.171098,9.865318
10.171098,9.865318
10.171098,9.865318
10.284437,9.878221
9.618373,9.82558
9.6767,9.878221
10.385238,9.852247
9.893247,9.952325
9.830604,9.878221
10.09873,9.929691
10.3501,9.923339
9.847723,10.085851
9.9638,9.958023
9.396673,9.862718
10.514225,9.879554
9.944435,9.908376
10.164302,9.801344
9.760235,9.903538
10.051677,9.852247
9.909346,9.903538
9.997896,9.852247
9.9201145,9.903538
9.373776,9.903538
9.941668,9.903538
9.920189,9.903538
9.93746,9.7981825
10.092747,9.903538
9.955106,9.903538
9.923677,9.903538
9.928856,9.903538
9.948877,9.903538
9.803796,9.903538
9.930386,9.852247
10.156951,9.852247
9.959954,9.903538
9.808673,9.852247
9.934914,9.928229
10.022703,9.82558
9.802244,9.852247
9.587882,9.878221
9.830042,9.852247
9.97403,9.82558
9.781422,9.770013
9.815901,9.770013
9.625984,9.680407
9.857018,9.770013
9.8290205,9.82558
9.987462,9.82558
10.03355,9.711176
9.88148,9.852247
10.03448,9.770013
10.3024025,9.852247
9.730471,9.852247
9.936819,9.878221
9.735574,9.903538
10.261425,9.903538
9.834827,9.903538
9.973846,9.852247
10.125673,9.903538
9.83559,9.82558
10.097649,9.903538
9.869835,9.903538
9.570814,9.852247
10.264357,9.852247
10.162469,9.852247
9.694452,9.770013
9.951189,9.82558
9.804573,9.852247
9.971525,9.903538
9.685692,9.7981825
10.288719,9.852247
10.531539,9.903538
9.966671,9.903037
9.999986,9.903538
9.965576,9.901034
10.222574,9.8705
10.157955,9.778661
9.862822,9.852247
9.653561,9.856396
10.040335,9.852247
9.786806,9.878221
9.896404,9.878221
9.869377,9.852247
10.150578,9.7981825
9.479866,9.852247
9.82484,9.878221
9.685414,9.770013
10.084568,9.7981825
10.053131,9.852247
9.672539,9.8119755
9.898737,9.852247
9.947628,9.770013
9.754182,9.852247
9.77667,9.770013
10.072587,9.865318
9.671203,9.82558
10.078817,9.819127
9.825147,9.727168
9.829189,9.805544
9.934601,9.82179
9.929675,9.7981825
9.756102,9.711176
10.081167,9.741028
9.618929,9.185125
9.9057665,9.741028
10.078049,9.809232
10.073698,9.7981825
9.97451,9.711176
10.013306,9.7981825
10.011449,9.878221
9.715517,9.755626
9.68066,9.7981825
9.955449,9.7981825
9.812846,9.770013
10.1210785,9.7981825
10.004067,9.546884
10.007156,9.546884
10.303992,9.615872
10.037844,9.711176
9.633209,9.711176
9.704633,9.546884
9.882431,9.741028
10.093502,9.741028
10.185004,9.741028
9.691715,9.82558
9.983391,9.741028
9.818384,9.711176
9.658724,9.7981825
10.057599,9.770013
9.391628,9.82558
9.87299,9.741028
9.967358,9.741028
9.9509325,9.755626
9.836895,9.755626
9.911745,9.7981825
10.2973995,10.146473
9.731795,9.64866
9.901395,9.741028
9.854604,9.770013
9.833085,9.7981825
9.821659,9.73181
9.916603,9.787066
10.114508,9.811427
10.093079,9.433564
9.8354435,9.615872
9.798281,9.711176
9.55332,9.726213
10.201426,9.741028
9.561296,9.64866
9.8335905,9.711176
9.731188,9.784197
10.135401,9.770013
9.908886,9.741028
9.883543,9.680407
10.283449,9.711176
10.083839,9.581973
9.923753,9.711176
9.946441,9.755626
10.085642,9.711176
9.51601,9.64866
9.5407295,9.711176
9.675729,9.711176
10.056436,9.6959095
9.982773,9.770013
9.900954,9.741028
9.834618,9.711176
9.78546,9.8119755
9.909939,9.755626
9.683161,9.733707
9.929379,9.862718
10.209011,9.700208
9.715799,9.958023
9.621916,9.720586
9.891635,9.842516
9.794123,9.680407
10.084759,9.6959095
9.6905985,9.680407
9.655095,9.680407
10.014326,9.903538
10.07524,9.711176
9.684612,9.680407
10.188912,9.711176
10.2937975,9.680407
9.841745,9.64866
9.941078,9.615872
10.328243,9.680407
9.85538,9.680407
10.025291,9.680407
10.027172,9.711176
10.091352,9.711176
9.632816,9.575053
9.692207,9.680407
10.012628,9.64866
10.100439,9.692828
9.6769905,9.741028
9.795719,9.680407
9.738347,9.615872
9.937566,9.680407
9.852501,9.628853
10.151373,9.7976265
10.084511,10.221977
9.81101,9.638676
9.982759,9.757363
9.208289,9.757363
10.121641,9.639587
10.0682745,9.757363
10.02014,9.757363
9.964088,9.623377
10.036377,9.599202
9.911984,9.573316
9.807038,9.528867
9.794409,9.878221
9.672277,9.564583
10.124995,9.615872
9.636406,9.433564
9.680775,9.564583
9.841665,9.528867
9.895077,9.528867
9.770093,9.581973
9.813833,9.539716
9.939049,9.615872
10.268261,9.596418
9.587483,9.580869
10.021641,9.700208
10.161169,9.670357
9.185246,9.700208
9.973052,9.472781
9.683237,9.472781
10.071546,9.694616
10.009777,9.678405
10.084497,9.510519
9.834243,9.581973
8.965275,9.546884
9.902656,9.546884
9.787044,9.65323
9.786287,9.654449
9.545771,9.652009
10.112122,9.575053
9.403633,9.639587
9.834105,9.639587
10.125502,9.639587
9.968543,9.639587
10.063563,9.501591
9.907126,9.571714
10.04631,9.620661
10.1197405,9.522301
10.08131,9.510519
10.252605,9.472781
9.459967,9.472781
9.294159,9.601369
10.170361,9.588297
10.056693,9.588297
9.328255,9.512443
9.398759,9.575053
9.638437,9.575053
9.787802,9.541154
8.896643,9.575053
9.516876,9.441531
9.832035,9.392745
9.09948,9.392745
9.874467,9.392745
10.075031,9.614271
9.642669,9.506065
9.520647,9.506065
9.986432,9.506065
9.986432,9.506065
9.986432,9.506065
9.986432,9.506065
9.417431,9.506065
9.986432,9.506065
9.986432,9.506065
10.005408,9.425775
9.548328,9.431963
9.85129,9.383033
9.583712,9.383033
10.215549,10.962666
10.1622095,8.853808
10.140427,8.794976
9.758434,9.575053
9.856164,9.488048
10.553909,8.699681
10.626388,8.7194805
10.0035,9.616672
10.356468,8.679482
10.293209,9.7981825
10.164607,9.615872
10.323572,8.7194805
10.317892,8.7194805
9.78572,10.223866
9.806833,9.552226
9.729139,9.915959
10.075722,11.231901
9.873521,9.979939
10.22356,9.9804945
9.86537,10.280999
9.878384,10.280999
9.941138,10.309819
9.8223095,9.9804945
9.9070015,9.9804945
9.872961,10.240924
9.935914,10.158169
10.037154,9.488048
10.074241,10.181157
10.01679,10.181157
10.1000395,8.77663
10.215362,9.966509
10.469001,10.085851
10.015889,10.268166
9.8790245,10.134639
9.75023,10.134639
9.754273,10.238709
10.028395,10.269206
9.563686,10.157975
10.46443,11.000248
10.637471,10.491302
10.548819,10.778977
9.854614,10.778977
10.12403,10.695598
10.400795,10.59666
9.996714,10.71444
10.176635,10.819798
10.393854,11.248973
10.270671,10.532123
10.113478,10.628158
10.460169,10.673619
10.227747,10.837245
9.128486,10.758775
9.550097,10.393325
10.037811,10.234265
10.075066,10.504547
10.037811,10.234265
10.037811,10.234265
10.4144,10.555839
10.210624,10.778977
10.120094,10.778977
10.240227,8.7194805
10.323508,8.7194805
10.347252,8.679482
10.257337,10.851296
10.270671,10.463132
10.532946,11.289794
10.246352,10.819798
10.364187,11.002116
10.199104,11.041337
10.282141,10.404293
10.516659,10.8685875
10.380465,10.959558
10.723331,11.082158
10.260595,10.491302
10.715148,11.002116
10.310053,10.8685875
10.428505,10.8685875
10.394611,10.768506
10.944029,11.294782
10.353605,11.407576
10.09444,10.532123
10.546904,11.082158
9.942863,10.275085
10.162392,10.59666
10.932381,10.959558
10.584931,11.320565
9.968454,10.165891
10.647659,10.819798
10.249929,10.448744
10.240517,10.463132
10.306915,10.532123
9.935141,9.784197
10.03627,9.998843
10.217903,10.434145
10.136874,10.308986
10.579354,11.184435
10.45695,10.448744
10.124645,9.9804945
10.191637,10.308986
10.11381,10.819798
10.417055,10.257694
10.0671,10.341775
10.127758,10.356186
10.098602,10.768506
10.198662,10.819798
10.248163,10.71444
10.0842285,10.1849375
10.100601,10.994084
10.263695,11.041337
10.198836,10.757924
10.240756,10.239996
10.129056,10.829748
10.136893,10.448744
10.119494,10.165891
10.222105,10.532123
10.386729,10.532123
10.564951,11.338584
9.59148,9.546884
10.254403,10.463132
10.144674,10.341775
10.103626,11.350418
10.486443,10.308986
10.408806,10.71444
10.737736,10.657283
10.095499,10.275085
10.875345,11.320565
10.35598,9.7981825
10.282442,10.239996
10.286197,10.532123
10.18487,11.079077
10.124154,10.389026
10.2304125,10.72549
10.282065,10.463132
10.55642,10.59666
10.324446,10.257694
10.479637,10.2036295
10.187809,10.021315
10.887399,11.379406
10.084607,10.126671
10.34723,10.959558
10.287742,9.975855
10.253267,10.657283
10.436451,9.952325
10.358359,10.357775
10.657567,11.366755
10.097745,10.181157
10.052733,10.1849375
9.373074,10.144117
10.234928,11.184435
10.165396,10.021315
10.479639,10.855937
9.891026,10.045031
10.269476,10.657283
10.187681,11.041337
10.117336,9.711176
10.43334,10.950824
10.221752,10.59666
9.876693,10.045031
10.177279,10.927394
10.262651,10.332702
10.218611,10.532123
10.06563,10.021315
10.681894,11.414221
10.530163,9.575053
10.128813,9.852247
10.415666,10.221977
10.128676,10.275085
10.220586,10.959558
10.329962,10.736419
10.40225,11.141876
10.127688,10.819798
10.412668,10.657283
10.475814,11.373675
10.5244055,11.279744
10.157957,11.115443
10.30036,10.717103
10.543961,11.233225
10.401123,10.422311
10.494036,10.518701
10.0798855,10.389026
10.421386,11.082158
10.222043,10.532123
10.608059,10.373523
10.051728,10.657283
10.122636,9.878221
10.471484,11.119898
10.173704,10.59666
9.761503,10.389026
10.401371,10.71444
9.878792,10.002473
10.163557,10.59666
10.173965,10.045031
10.24811,11.184435
10.348662,10.477316
10.252981,11.008164
9.392399,10.959558
10.024562,9.998843
10.266679,10.532123
9.556466,10.768506
10.158333,10.673619
10.416299,10.915107
10.237434,10.221977
10.258802,10.2036295
10.317913,10.71444
10.3612,10.580531
10.266785,11.071642
10.0550785,10.532123
10.184054,11.097425
9.749448,9.729194
10.15966,11.338584
10.497118,10.59666
10.017342,10.257694
10.110174,10.657283
10.075794,10.58661
10.274546,10.768506
10.24296,10.389026
10.456291,11.289794
10.112461,10.064798
10.203543,10.78934
9.715723,9.7981825
10.302509,10.657283
9.98614,10.389026
10.547613,10.915107
10.017606,10.126671
10.249947,10.8685875
10.494837,11.082158
10.556533,10.657283
9.97097,10.532123
10.159027,10.308986
10.09766,10.59666
10.501307,10.959558
10.364944,10.915107
10.5396595,11.002116
10.298824,9.952325
9.468845,9.575053
9.972292,10.239996
9.737221,10.363472
10.097322,9.9804945
10.100195,10.434145
10.37586,11.097425
10.085088,10.043293
10.128325,10.555839
10.253366,10.341775
10.363505,10.388842
10.2775135,10.633472
10.38092,10.021315
10.496254,10.126671
10.462614,10.915107
9.981616,10.8685875
10.246608,10.59666
9.836197,10.2036295
10.518342,10.657283
10.173965,9.958023
10.575918,10.2036295
10.301043,9.757363
10.360863,10.463132
10.097495,10.1849375
9.519296,9.711176
10.053181,10.308986
10.650162,11.042938
10.191743,10.59666
9.839916,10.422311
10.599305,11.289794
10.465886,11.191356
10.29427,10.915107
10.045421,10.064798
10.235882,10.819798
10.413523,10.959558
10.040747,11.264477
10.09766,10.59666
10.006674,10.308986
10.31685,10.915107
10.2420845,10.8685875
10.066481,10.419331
10.473322,11.041337
10.840719,10.915107
10.128846,10.819798
10.177921,10.021315
10.2587385,10.71444
10.493198,10.71444
10.087589,10.532123
10.4231415,10.463132
10.515075,10.915107
9.973051,10.463132
10.272271,10.1849375
10.45443,10.71444
10.345954,10.341775
10.828206,10.532123
10.284356,10.673619
10.291262,11.025832
10.152967,10.8685875
10.511917,11.472114
10.292257,10.71444
10.348288,10.463132
9.778473,9.757363
10.1016865,10.530521
10.35128,10.530521
10.116558,10.389026
10.168126,10.404293
10.005526,10.021315
10.541903,10.849357
10.230298,10.106469
10.19152,9.811427
10.6470785,10.977824
10.208259,10.308986
10.477886,10.768506
10.492092,10.915107
10.51623,11.512936
10.118359,11.407576
10.607458,11.407576
9.795661,11.082158
10.260335,11.407576
10.353515,11.156265
10.478934,11.225257
10.45913,11.021919
10.562064,11.156265
10.183493,11.184435
10.347066,11.082158
10.284424,11.082158
10.122539,11.042938
10.254253,10.959558
10.338744,10.8685875
10.403807,10.959558
8.50495,10.915107
10.270154,10.8685875
10.322223,10.915107
10.587318,10.819798
10.065908,10.967939
9.492537,10.768506
9.580228,10.434145
9.59318,10.434145
10.062679,10.819798
10.266924,10.819798
9.899923,10.71444
10.3262825,10.657283
10.597872,10.778977
10.133131,10.558439
10.239246,10.71444
10.833212,10.71444
10.328432,10.657283
10.035044,10.804238
10.277585,10.456539
10.001179,10.463132
10.151491,10.59666
10.177719,10.532123
9.781175,10.463132
9.516024,10.532123
9.328972,10.221977
10.04092,10.463132
10.223568,10.463132
10.098078,10.257694
10.245397,10.1849375
9.940579,10.221977
10.044981,10.389026
10.093206,10.389026
10.278643,10.325351
10.302565,10.389026
9.892864,10.308986
9.922287,10.308986
10.425213,10.275085
10.029142,10.341775
10.07508,10.275085
10.355297,10.275085
10.173933,10.221977
10.054821,10.221977
10.088768,10.221977
10.2929325,10.239996
10.193163,10.221977
9.856102,10.2036295
10.097574,10.043293
10.302659,10.126671
9.886961,10.165891
10.314895,10.165891
9.906951,9.903538
10.017246,9.903538
10.025473,10.021315
10.17374,10.085851
9.889427,9.952325
10.028816,10.045031
10.319214,9.928229
10.074085,9.928229
9.796782,9.975855
9.4345455,9.928229
9.851394,9.998843
9.684215,9.952325
9.775301,9.952325
10.077026,9.729194
9.117826,9.8119755
9.913693,9.903538
9.840391,10.1849375
10.25065,9.903538
10.258335,9.852247
9.807619,9.8119755
9.910656,9.741028
10.451445,9.82558
9.830745,9.7981825
9.859261,9.711176
9.878969,9.741028
9.554749,9.761405
9.715405,9.755626
9.78579,9.64866
8.997469,9.711176
9.681231,9.581973
9.866517,9.546884
9.829056,9.472781
9.844487,9.392745
10.41312,10.167427
10.220049,10.167427
9.727522,9.392745
9.593681,8.699681
9.500071,9.639587
9.180941,9.862718
9.3207035,9.506065
9.007482,9.639587
9.394641,9.862718
9.886093,9.757363
9.45299,9.862718
9.650473,9.431963
9.440366,9.392745
9.328582,10.555839
9.749243,9.639587
8.8220825,9.351927
9.612327,9.862718
9.542609,9.757363
9.69117,9.862718
9.772088,9.700208
8.892632,9.862718
8.940008,9.862718
8.849096,9.639587
9.886814,9.862718
9.385678,9.862718
10.220125,9.639587
9.218653,9.862718
9.1398945,9.169622
8.484999,9.169622
9.03322,10.422311
9.747114,9.862718
9.881094,8.812992
9.516544,9.729194
9.122986,9.700208
9.470755,9.862718
9.83429,9.862718
9.692474,9.431963
9.451899,9.862718
9.36302,9.639587
9.74785,9.218408
9.730772,9.639587
9.715437,9.862718
9.242904,9.506065
9.413893,9.862718
9.299192,9.639587
9.59434,9.862718
9.674643,9.506065
9.563058,9.757363
9.436575,9.639587
9.455746,9.639587
10.20407,9.392745
9.642906,9.729194
9.799168,9.862718
9.546889,9.729194
9.618319,9.392745
9.87899,9.862718
9.785324,9.9804945
9.914773,9.729194
9.942701,9.169622
9.583771,9.264923
9.792551,9.639587
8.332434,8.946505
9.703207,9.351927
9.628327,9.757363
10.159616,10.2036295
10.248484,11.461642
10.221847,11.225257
10.574649,11.289794
10.371174,11.320565
10.397526,11.338584
10.263079,11.191356
9.977547,11.248973
10.397516,10.959558
10.155884,10.993749
10.553876,11.115443
10.42007,10.910551
10.402467,10.8685875
10.192133,10.915107
10.337433,10.8685875
10.03311,10.915107
10.111555,10.907807
10.263592,10.851296
10.230831,10.8685875
10.157548,10.915107
10.374626,10.915107
10.355236,10.819798
10.197083,10.915107
10.210293,10.819798
10.262501,10.819798
10.556582,10.819798
10.207041,10.819798
10.271617,10.819798
10.433183,10.899089
10.247444,10.736419
10.225676,10.691968
10.17677,10.757924
10.124512,10.126671
10.096098,10.768506
10.200327,10.657283
10.178982,10.59666
10.106493,10.71444
10.289154,10.71444
10.034836,10.558439
10.225901,10.668979
10.105673,10.778977
10.151588,10.571342
10.204656,10.72549
10.136169,10.680539
10.324772,10.72549
10.111111,10.633472
10.285128,10.633472
10.283491,10.59666
10.149356,10.59666
9.912506,10.657283
10.137617,10.558439
10.034637,10.532123
10.244907,10.021315
10.231868,10.021315
10.236337,10.59666
10.042408,10.59666
10.341763,10.59666
10.2229595,10.657283
9.94517,10.633472
10.329714,10.657283
10.227804,10.59666
10.250455,10.609082
10.389439,10.540196
9.816394,10.59666
10.058987,10.463132
10.140277,10.532123
10.183456,10.532123
9.976391,10.532123
10.057,10.532123
10.208027,10.532123
10.189161,10.532123
10.08506,10.518701
10.092657,10.532123
10.471287,10.463132
10.065472,10.448744
10.218796,10.463132
10.152664,10.436202
10.051533,10.491302
9.749045,10.463132
10.536195,10.357775
9.844422,10.389026
10.133081,10.308986
10.123238,10.357775
10.111401,10.463132
10.477226,10.289973
10.03129,10.434145
10.219803,10.463132
10.016852,10.308986
10.32905,10.389026
10.310453,10.389026
10.110125,10.308986
10.379673,10.308986
10.417767,10.330225
9.923868,10.308986
10.142328,10.325515
10.279671,10.373523
10.066126,10.308986
9.807165,10.389026
10.030434,10.47788
10.11016,10.126671
10.258782,10.308986
10.072512,10.126671
10.229145,10.275085
10.230944,10.221977
10.110651,10.221977
9.984022,10.221977
9.917066,10.308986
10.167092,10.308986
9.914928,10.221977
9.88693,10.239996
10.118523,10.221977
10.446119,10.1849375
10.043055,10.106469
10.060175,10.126671
10.207216,10.126671
9.880891,10.146473
9.983582,10.221977
10.0348,10.2036295
10.013464,10.153506
9.707507,10.085851
10.004492,10.126671
10.206394,10.126671
10.157777,10.126671
10.111866,9.952325
10.152826,10.021315
10.320317,10.099629
10.232577,10.099629
10.092358,10.064798
10.5730715,10.065649
9.8619585,10.12507
9.942125,10.064798
9.846159,10.043293
10.056383,9.841665
9.607397,9.685393
9.885111,9.64866
10.013397,9.350189
9.984934,10.085851
10.39039,10.463132
10.207478,10.680539
10.678002,10.915107
10.391635,11.115443
10.763076,10.874286
10.628225,11.338584
10.226772,10.758775
9.9112015,10.961295
10.196075,10.961295
10.153656,11.264477
10.481184,11.233225
10.461629,11.279744
9.898771,10.819798
10.280914,11.264477
10.128262,10.221977
10.125414,10.59666
10.076063,10.389026
9.632418,9.741028
10.086728,10.363472
10.259066,10.275085
10.587477,10.393325
10.257323,11.350418
10.679073,11.496806
10.646151,11.496806
10.0488205,10.165891
10.056037,10.126671
10.239884,10.71444
9.951099,10.463132
10.104417,9.770013
9.982024,10.463132
9.9945545,10.221977
9.930405,10.021315
9.885064,10.71444
9.910431,10.021315
9.8078785,9.770013
9.765663,10.021315
10.156181,10.221977
9.74259,10.463132
9.976807,10.221977
9.696538,9.770013
9.611817,9.770013
9.682503,10.221977
9.630522,10.021315
9.696821,10.221977
9.920059,10.021315
9.814555,9.770013
9.678925,10.221977
9.875054,10.221977
9.947195,10.021315
9.65239,9.770013
9.71107,9.770013
9.7128105,10.221977
9.462546,9.770013
9.46794,9.770013
9.642141,9.770013
9.793758,10.021315
9.73854,10.021315
9.791678,10.021315
9.9571705,10.819798
10.000662,9.741028
10.529468,11.350418
10.571927,11.350418
10.342229,10.357775
9.967708,11.472114
10.314608,11.082158
10.118175,10.532123
9.95843,10.71444
10.0795,10.819798
10.304876,11.002116
10.278744,11.225257
10.379301,11.184435
9.843728,9.564583
10.054697,9.770013
10.241123,10.738156
10.091778,10.308986
9.819967,9.998843
9.764559,9.4844055
10.063379,9.506065
10.439507,10.758775
10.440227,10.651147
10.02103,9.636457
10.514845,10.71444
10.204048,10.199175
10.308245,10.373523
10.570183,10.914888
10.204048,10.199175
10.395722,10.837245
10.466177,10.818197
10.2073555,10.27846
9.433673,10.393325
10.143282,10.199175
10.457216,10.994084
11.067616,10.434145
10.288877,11.248973
10.442911,11.248973
10.237545,11.512936
10.263492,10.819798
10.057789,10.043293
9.683031,9.7981825
9.762367,10.915107
10.443016,10.915107
10.143856,10.915107
9.315509,10.915107
10.240309,10.915107
10.157531,11.002116
10.46866,10.819798
10.201,10.71444
10.42113,10.71444
10.4461565,10.71444
9.999841,10.59666
9.630541,10.71444
10.296755,10.657283
10.38871,10.72549
10.157644,10.633472
10.125074,10.633472
10.533535,10.532123
10.281752,10.518701
10.170135,10.434145
10.174295,10.59666
9.761649,10.532123
10.076547,10.491302
10.050547,10.518701
10.248022,10.434145
10.044441,10.308986
10.205953,10.325515
10.03405,10.257694
10.113717,10.341775
10.07266,10.221977
9.92127,10.308986
10.340859,10.2036295
10.112295,10.193728
10.248909,10.043293
10.505119,10.021315
10.356931,10.021315
10.105878,10.021315
9.9905815,9.998843
9.979083,9.998843
9.661972,9.407797
9.931873,10.584082
9.939891,10.308986
10.013522,10.341775
9.997025,9.928229
10.472093,10.71444
9.992542,10.126671
9.357083,10.389026
9.991417,9.903538
10.246313,9.928229
10.336774,10.896758
10.292435,10.993749
10.208041,10.915107
10.1187725,11.608245
10.60639,11.407576
10.740034,11.512936
10.477525,11.512936
9.7733755,10.043293
10.395073,10.509169
10.017118,10.363472
10.182676,9.64866
9.895079,10.064798
10.161198,10.579768
10.13147,10.308986
9.946432,10.673619
8.358976,10.239996
10.496639,10.933125
9.762524,11.156265
10.130543,10.558439
10.378645,10.504547
10.36166,9.852247
9.794394,9.792612
10.031837,11.512936
8.928422,11.302217
9.651102,9.615872
9.806865,9.615872
9.729551,9.903538
9.664742,9.852247
10.410855,10.59666
9.914343,8.518592
10.018546,10.034559
10.026451,10.308986
10.0155525,10.034559
10.066191,9.65509
9.930081,10.034559
9.953831,10.034559
10.062664,10.034559
10.054105,10.034559
10.135547,10.034559
10.091911,10.034559
10.121933,10.034559
10.062904,10.034559
10.110991,10.034559
10.092855,10.034559
9.867107,10.657283
